DATE_ID,date,year,quarter,month
1,2009-01-01,2009,1,January
2,2009-01-02,2009,1,January
3,2009-01-03,2009,1,January
4,2009-01-04,2009,1,January
5,2009-01-05,2009,1,January
6,2009-01-06,2009,1,January
7,2009-01-07,2009,1,January
8,2009-01-08,2009,1,January
9,2009-01-09,2009,1,January
10,2009-01-10,2009,1,January
11,2009-01-11,2009,1,January
12,2009-01-12,2009,1,January
13,2009-01-13,2009,1,January
14,2009-01-14,2009,1,January
15,2009-01-15,2009,1,January
16,2009-01-16,2009,1,January
17,2009-01-17,2009,1,January
18,2009-01-18,2009,1,January
19,2009-01-19,2009,1,January
20,2009-01-20,2009,1,January
21,2009-01-21,2009,1,January
22,2009-01-22,2009,1,January
23,2009-01-23,2009,1,January
24,2009-01-24,2009,1,January
25,2009-01-25,2009,1,January
26,2009-01-26,2009,1,January
27,2009-01-27,2009,1,January
28,2009-01-28,2009,1,January
29,2009-01-29,2009,1,January
30,2009-01-30,2009,1,January
31,2009-01-31,2009,1,January
32,2009-02-01,2009,1,February
33,2009-02-02,2009,1,February
34,2009-02-03,2009,1,February
35,2009-02-04,2009,1,February
36,2009-02-05,2009,1,February
37,2009-02-06,2009,1,February
38,2009-02-07,2009,1,February
39,2009-02-08,2009,1,February
40,2009-02-09,2009,1,February
41,2009-02-10,2009,1,February
42,2009-02-11,2009,1,February
43,2009-02-12,2009,1,February
44,2009-02-13,2009,1,February
45,2009-02-14,2009,1,February
46,2009-02-15,2009,1,February
47,2009-02-16,2009,1,February
48,2009-02-17,2009,1,February
49,2009-02-18,2009,1,February
50,2009-02-19,2009,1,February
51,2009-02-20,2009,1,February
52,2009-02-21,2009,1,February
53,2009-02-22,2009,1,February
54,2009-02-23,2009,1,February
55,2009-02-24,2009,1,February
56,2009-02-25,2009,1,February
57,2009-02-26,2009,1,February
58,2009-02-27,2009,1,February
59,2009-02-28,2009,1,February
60,2009-03-01,2009,1,March
61,2009-03-02,2009,1,March
62,2009-03-03,2009,1,March
63,2009-03-04,2009,1,March
64,2009-03-05,2009,1,March
65,2009-03-06,2009,1,March
66,2009-03-07,2009,1,March
67,2009-03-08,2009,1,March
68,2009-03-09,2009,1,March
69,2009-03-10,2009,1,March
70,2009-03-11,2009,1,March
71,2009-03-12,2009,1,March
72,2009-03-13,2009,1,March
73,2009-03-14,2009,1,March
74,2009-03-15,2009,1,March
75,2009-03-16,2009,1,March
76,2009-03-17,2009,1,March
77,2009-03-18,2009,1,March
78,2009-03-19,2009,1,March
79,2009-03-20,2009,1,March
80,2009-03-21,2009,1,March
81,2009-03-22,2009,1,March
82,2009-03-23,2009,1,March
83,2009-03-24,2009,1,March
84,2009-03-25,2009,1,March
85,2009-03-26,2009,1,March
86,2009-03-27,2009,1,March
87,2009-03-28,2009,1,March
88,2009-03-29,2009,1,March
89,2009-03-30,2009,1,March
90,2009-03-31,2009,1,March
91,2009-04-01,2009,2,April
92,2009-04-02,2009,2,April
93,2009-04-03,2009,2,April
94,2009-04-04,2009,2,April
95,2009-04-05,2009,2,April
96,2009-04-06,2009,2,April
97,2009-04-07,2009,2,April
98,2009-04-08,2009,2,April
99,2009-04-09,2009,2,April
100,2009-04-10,2009,2,April
101,2009-04-11,2009,2,April
102,2009-04-12,2009,2,April
103,2009-04-13,2009,2,April
104,2009-04-14,2009,2,April
105,2009-04-15,2009,2,April
106,2009-04-16,2009,2,April
107,2009-04-17,2009,2,April
108,2009-04-18,2009,2,April
109,2009-04-19,2009,2,April
110,2009-04-20,2009,2,April
111,2009-04-21,2009,2,April
112,2009-04-22,2009,2,April
113,2009-04-23,2009,2,April
114,2009-04-24,2009,2,April
115,2009-04-25,2009,2,April
116,2009-04-26,2009,2,April
117,2009-04-27,2009,2,April
118,2009-04-28,2009,2,April
119,2009-04-29,2009,2,April
120,2009-04-30,2009,2,April
121,2009-05-01,2009,2,May
122,2009-05-02,2009,2,May
123,2009-05-03,2009,2,May
124,2009-05-04,2009,2,May
125,2009-05-05,2009,2,May
126,2009-05-06,2009,2,May
127,2009-05-07,2009,2,May
128,2009-05-08,2009,2,May
129,2009-05-09,2009,2,May
130,2009-05-10,2009,2,May
131,2009-05-11,2009,2,May
132,2009-05-12,2009,2,May
133,2009-05-13,2009,2,May
134,2009-05-14,2009,2,May
135,2009-05-15,2009,2,May
136,2009-05-16,2009,2,May
137,2009-05-17,2009,2,May
138,2009-05-18,2009,2,May
139,2009-05-19,2009,2,May
140,2009-05-20,2009,2,May
141,2009-05-21,2009,2,May
142,2009-05-22,2009,2,May
143,2009-05-23,2009,2,May
144,2009-05-24,2009,2,May
145,2009-05-25,2009,2,May
146,2009-05-26,2009,2,May
147,2009-05-27,2009,2,May
148,2009-05-28,2009,2,May
149,2009-05-29,2009,2,May
150,2009-05-30,2009,2,May
151,2009-05-31,2009,2,May
152,2009-06-01,2009,2,June
153,2009-06-02,2009,2,June
154,2009-06-03,2009,2,June
155,2009-06-04,2009,2,June
156,2009-06-05,2009,2,June
157,2009-06-06,2009,2,June
158,2009-06-07,2009,2,June
159,2009-06-08,2009,2,June
160,2009-06-09,2009,2,June
161,2009-06-10,2009,2,June
162,2009-06-11,2009,2,June
163,2009-06-12,2009,2,June
164,2009-06-13,2009,2,June
165,2009-06-14,2009,2,June
166,2009-06-15,2009,2,June
167,2009-06-16,2009,2,June
168,2009-06-17,2009,2,June
169,2009-06-18,2009,2,June
170,2009-06-19,2009,2,June
171,2009-06-20,2009,2,June
172,2009-06-21,2009,2,June
173,2009-06-22,2009,2,June
174,2009-06-23,2009,2,June
175,2009-06-24,2009,2,June
176,2009-06-25,2009,2,June
177,2009-06-26,2009,2,June
178,2009-06-27,2009,2,June
179,2009-06-28,2009,2,June
180,2009-06-29,2009,2,June
181,2009-06-30,2009,2,June
182,2009-07-01,2009,3,July
183,2009-07-02,2009,3,July
184,2009-07-03,2009,3,July
185,2009-07-04,2009,3,July
186,2009-07-05,2009,3,July
187,2009-07-06,2009,3,July
188,2009-07-07,2009,3,July
189,2009-07-08,2009,3,July
190,2009-07-09,2009,3,July
191,2009-07-10,2009,3,July
192,2009-07-11,2009,3,July
193,2009-07-12,2009,3,July
194,2009-07-13,2009,3,July
195,2009-07-14,2009,3,July
196,2009-07-15,2009,3,July
197,2009-07-16,2009,3,July
198,2009-07-17,2009,3,July
199,2009-07-18,2009,3,July
200,2009-07-19,2009,3,July
201,2009-07-20,2009,3,July
202,2009-07-21,2009,3,July
203,2009-07-22,2009,3,July
204,2009-07-23,2009,3,July
205,2009-07-24,2009,3,July
206,2009-07-25,2009,3,July
207,2009-07-26,2009,3,July
208,2009-07-27,2009,3,July
209,2009-07-28,2009,3,July
210,2009-07-29,2009,3,July
211,2009-07-30,2009,3,July
212,2009-07-31,2009,3,July
213,2009-08-01,2009,3,August
214,2009-08-02,2009,3,August
215,2009-08-03,2009,3,August
216,2009-08-04,2009,3,August
217,2009-08-05,2009,3,August
218,2009-08-06,2009,3,August
219,2009-08-07,2009,3,August
220,2009-08-08,2009,3,August
221,2009-08-09,2009,3,August
222,2009-08-10,2009,3,August
223,2009-08-11,2009,3,August
224,2009-08-12,2009,3,August
225,2009-08-13,2009,3,August
226,2009-08-14,2009,3,August
227,2009-08-15,2009,3,August
228,2009-08-16,2009,3,August
229,2009-08-17,2009,3,August
230,2009-08-18,2009,3,August
231,2009-08-19,2009,3,August
232,2009-08-20,2009,3,August
233,2009-08-21,2009,3,August
234,2009-08-22,2009,3,August
235,2009-08-23,2009,3,August
236,2009-08-24,2009,3,August
237,2009-08-25,2009,3,August
238,2009-08-26,2009,3,August
239,2009-08-27,2009,3,August
240,2009-08-28,2009,3,August
241,2009-08-29,2009,3,August
242,2009-08-30,2009,3,August
243,2009-08-31,2009,3,August
244,2009-09-01,2009,3,September
245,2009-09-02,2009,3,September
246,2009-09-03,2009,3,September
247,2009-09-04,2009,3,September
248,2009-09-05,2009,3,September
249,2009-09-06,2009,3,September
250,2009-09-07,2009,3,September
251,2009-09-08,2009,3,September
252,2009-09-09,2009,3,September
253,2009-09-10,2009,3,September
254,2009-09-11,2009,3,September
255,2009-09-12,2009,3,September
256,2009-09-13,2009,3,September
257,2009-09-14,2009,3,September
258,2009-09-15,2009,3,September
259,2009-09-16,2009,3,September
260,2009-09-17,2009,3,September
261,2009-09-18,2009,3,September
262,2009-09-19,2009,3,September
263,2009-09-20,2009,3,September
264,2009-09-21,2009,3,September
265,2009-09-22,2009,3,September
266,2009-09-23,2009,3,September
267,2009-09-24,2009,3,September
268,2009-09-25,2009,3,September
269,2009-09-26,2009,3,September
270,2009-09-27,2009,3,September
271,2009-09-28,2009,3,September
272,2009-09-29,2009,3,September
273,2009-09-30,2009,3,September
274,2009-10-01,2009,4,October
275,2009-10-02,2009,4,October
276,2009-10-03,2009,4,October
277,2009-10-04,2009,4,October
278,2009-10-05,2009,4,October
279,2009-10-06,2009,4,October
280,2009-10-07,2009,4,October
281,2009-10-08,2009,4,October
282,2009-10-09,2009,4,October
283,2009-10-10,2009,4,October
284,2009-10-11,2009,4,October
285,2009-10-12,2009,4,October
286,2009-10-13,2009,4,October
287,2009-10-14,2009,4,October
288,2009-10-15,2009,4,October
289,2009-10-16,2009,4,October
290,2009-10-17,2009,4,October
291,2009-10-18,2009,4,October
292,2009-10-19,2009,4,October
293,2009-10-20,2009,4,October
294,2009-10-21,2009,4,October
295,2009-10-22,2009,4,October
296,2009-10-23,2009,4,October
297,2009-10-24,2009,4,October
298,2009-10-25,2009,4,October
299,2009-10-26,2009,4,October
300,2009-10-27,2009,4,October
301,2009-10-28,2009,4,October
302,2009-10-29,2009,4,October
303,2009-10-30,2009,4,October
304,2009-10-31,2009,4,October
305,2009-11-01,2009,4,November
306,2009-11-02,2009,4,November
307,2009-11-03,2009,4,November
308,2009-11-04,2009,4,November
309,2009-11-05,2009,4,November
310,2009-11-06,2009,4,November
311,2009-11-07,2009,4,November
312,2009-11-08,2009,4,November
313,2009-11-09,2009,4,November
314,2009-11-10,2009,4,November
315,2009-11-11,2009,4,November
316,2009-11-12,2009,4,November
317,2009-11-13,2009,4,November
318,2009-11-14,2009,4,November
319,2009-11-15,2009,4,November
320,2009-11-16,2009,4,November
321,2009-11-17,2009,4,November
322,2009-11-18,2009,4,November
323,2009-11-19,2009,4,November
324,2009-11-20,2009,4,November
325,2009-11-21,2009,4,November
326,2009-11-22,2009,4,November
327,2009-11-23,2009,4,November
328,2009-11-24,2009,4,November
329,2009-11-25,2009,4,November
330,2009-11-26,2009,4,November
331,2009-11-27,2009,4,November
332,2009-11-28,2009,4,November
333,2009-11-29,2009,4,November
334,2009-11-30,2009,4,November
335,2009-12-01,2009,4,December
336,2009-12-02,2009,4,December
337,2009-12-03,2009,4,December
338,2009-12-04,2009,4,December
339,2009-12-05,2009,4,December
340,2009-12-06,2009,4,December
341,2009-12-07,2009,4,December
342,2009-12-08,2009,4,December
343,2009-12-09,2009,4,December
344,2009-12-10,2009,4,December
345,2009-12-11,2009,4,December
346,2009-12-12,2009,4,December
347,2009-12-13,2009,4,December
348,2009-12-14,2009,4,December
349,2009-12-15,2009,4,December
350,2009-12-16,2009,4,December
351,2009-12-17,2009,4,December
352,2009-12-18,2009,4,December
353,2009-12-19,2009,4,December
354,2009-12-20,2009,4,December
355,2009-12-21,2009,4,December
356,2009-12-22,2009,4,December
357,2009-12-23,2009,4,December
358,2009-12-24,2009,4,December
359,2009-12-25,2009,4,December
360,2009-12-26,2009,4,December
361,2009-12-27,2009,4,December
362,2009-12-28,2009,4,December
363,2009-12-29,2009,4,December
364,2009-12-30,2009,4,December
365,2009-12-31,2009,4,December
366,2010-01-01,2010,1,January
367,2010-01-02,2010,1,January
368,2010-01-03,2010,1,January
369,2010-01-04,2010,1,January
370,2010-01-05,2010,1,January
371,2010-01-06,2010,1,January
372,2010-01-07,2010,1,January
373,2010-01-08,2010,1,January
374,2010-01-09,2010,1,January
375,2010-01-10,2010,1,January
376,2010-01-11,2010,1,January
377,2010-01-12,2010,1,January
378,2010-01-13,2010,1,January
379,2010-01-14,2010,1,January
380,2010-01-15,2010,1,January
381,2010-01-16,2010,1,January
382,2010-01-17,2010,1,January
383,2010-01-18,2010,1,January
384,2010-01-19,2010,1,January
385,2010-01-20,2010,1,January
386,2010-01-21,2010,1,January
387,2010-01-22,2010,1,January
388,2010-01-23,2010,1,January
389,2010-01-24,2010,1,January
390,2010-01-25,2010,1,January
391,2010-01-26,2010,1,January
392,2010-01-27,2010,1,January
393,2010-01-28,2010,1,January
394,2010-01-29,2010,1,January
395,2010-01-30,2010,1,January
396,2010-01-31,2010,1,January
397,2010-02-01,2010,1,February
398,2010-02-02,2010,1,February
399,2010-02-03,2010,1,February
400,2010-02-04,2010,1,February
401,2010-02-05,2010,1,February
402,2010-02-06,2010,1,February
403,2010-02-07,2010,1,February
404,2010-02-08,2010,1,February
405,2010-02-09,2010,1,February
406,2010-02-10,2010,1,February
407,2010-02-11,2010,1,February
408,2010-02-12,2010,1,February
409,2010-02-13,2010,1,February
410,2010-02-14,2010,1,February
411,2010-02-15,2010,1,February
412,2010-02-16,2010,1,February
413,2010-02-17,2010,1,February
414,2010-02-18,2010,1,February
415,2010-02-19,2010,1,February
416,2010-02-20,2010,1,February
417,2010-02-21,2010,1,February
418,2010-02-22,2010,1,February
419,2010-02-23,2010,1,February
420,2010-02-24,2010,1,February
421,2010-02-25,2010,1,February
422,2010-02-26,2010,1,February
423,2010-02-27,2010,1,February
424,2010-02-28,2010,1,February
425,2010-03-01,2010,1,March
426,2010-03-02,2010,1,March
427,2010-03-03,2010,1,March
428,2010-03-04,2010,1,March
429,2010-03-05,2010,1,March
430,2010-03-06,2010,1,March
431,2010-03-07,2010,1,March
432,2010-03-08,2010,1,March
433,2010-03-09,2010,1,March
434,2010-03-10,2010,1,March
435,2010-03-11,2010,1,March
436,2010-03-12,2010,1,March
437,2010-03-13,2010,1,March
438,2010-03-14,2010,1,March
439,2010-03-15,2010,1,March
440,2010-03-16,2010,1,March
441,2010-03-17,2010,1,March
442,2010-03-18,2010,1,March
443,2010-03-19,2010,1,March
444,2010-03-20,2010,1,March
445,2010-03-21,2010,1,March
446,2010-03-22,2010,1,March
447,2010-03-23,2010,1,March
448,2010-03-24,2010,1,March
449,2010-03-25,2010,1,March
450,2010-03-26,2010,1,March
451,2010-03-27,2010,1,March
452,2010-03-28,2010,1,March
453,2010-03-29,2010,1,March
454,2010-03-30,2010,1,March
455,2010-03-31,2010,1,March
456,2010-04-01,2010,2,April
457,2010-04-02,2010,2,April
458,2010-04-03,2010,2,April
459,2010-04-04,2010,2,April
460,2010-04-05,2010,2,April
461,2010-04-06,2010,2,April
462,2010-04-07,2010,2,April
463,2010-04-08,2010,2,April
464,2010-04-09,2010,2,April
465,2010-04-10,2010,2,April
466,2010-04-11,2010,2,April
467,2010-04-12,2010,2,April
468,2010-04-13,2010,2,April
469,2010-04-14,2010,2,April
470,2010-04-15,2010,2,April
471,2010-04-16,2010,2,April
472,2010-04-17,2010,2,April
473,2010-04-18,2010,2,April
474,2010-04-19,2010,2,April
475,2010-04-20,2010,2,April
476,2010-04-21,2010,2,April
477,2010-04-22,2010,2,April
478,2010-04-23,2010,2,April
479,2010-04-24,2010,2,April
480,2010-04-25,2010,2,April
481,2010-04-26,2010,2,April
482,2010-04-27,2010,2,April
483,2010-04-28,2010,2,April
484,2010-04-29,2010,2,April
485,2010-04-30,2010,2,April
486,2010-05-01,2010,2,May
487,2010-05-02,2010,2,May
488,2010-05-03,2010,2,May
489,2010-05-04,2010,2,May
490,2010-05-05,2010,2,May
491,2010-05-06,2010,2,May
492,2010-05-07,2010,2,May
493,2010-05-08,2010,2,May
494,2010-05-09,2010,2,May
495,2010-05-10,2010,2,May
496,2010-05-11,2010,2,May
497,2010-05-12,2010,2,May
498,2010-05-13,2010,2,May
499,2010-05-14,2010,2,May
500,2010-05-15,2010,2,May
501,2010-05-16,2010,2,May
502,2010-05-17,2010,2,May
503,2010-05-18,2010,2,May
504,2010-05-19,2010,2,May
505,2010-05-20,2010,2,May
506,2010-05-21,2010,2,May
507,2010-05-22,2010,2,May
508,2010-05-23,2010,2,May
509,2010-05-24,2010,2,May
510,2010-05-25,2010,2,May
511,2010-05-26,2010,2,May
512,2010-05-27,2010,2,May
513,2010-05-28,2010,2,May
514,2010-05-29,2010,2,May
515,2010-05-30,2010,2,May
516,2010-05-31,2010,2,May
517,2010-06-01,2010,2,June
518,2010-06-02,2010,2,June
519,2010-06-03,2010,2,June
520,2010-06-04,2010,2,June
521,2010-06-05,2010,2,June
522,2010-06-06,2010,2,June
523,2010-06-07,2010,2,June
524,2010-06-08,2010,2,June
525,2010-06-09,2010,2,June
526,2010-06-10,2010,2,June
527,2010-06-11,2010,2,June
528,2010-06-12,2010,2,June
529,2010-06-13,2010,2,June
530,2010-06-14,2010,2,June
531,2010-06-15,2010,2,June
532,2010-06-16,2010,2,June
533,2010-06-17,2010,2,June
534,2010-06-18,2010,2,June
535,2010-06-19,2010,2,June
536,2010-06-20,2010,2,June
537,2010-06-21,2010,2,June
538,2010-06-22,2010,2,June
539,2010-06-23,2010,2,June
540,2010-06-24,2010,2,June
541,2010-06-25,2010,2,June
542,2010-06-26,2010,2,June
543,2010-06-27,2010,2,June
544,2010-06-28,2010,2,June
545,2010-06-29,2010,2,June
546,2010-06-30,2010,2,June
547,2010-07-01,2010,3,July
548,2010-07-02,2010,3,July
549,2010-07-03,2010,3,July
550,2010-07-04,2010,3,July
551,2010-07-05,2010,3,July
552,2010-07-06,2010,3,July
553,2010-07-07,2010,3,July
554,2010-07-08,2010,3,July
555,2010-07-09,2010,3,July
556,2010-07-10,2010,3,July
557,2010-07-11,2010,3,July
558,2010-07-12,2010,3,July
559,2010-07-13,2010,3,July
560,2010-07-14,2010,3,July
561,2010-07-15,2010,3,July
562,2010-07-16,2010,3,July
563,2010-07-17,2010,3,July
564,2010-07-18,2010,3,July
565,2010-07-19,2010,3,July
566,2010-07-20,2010,3,July
567,2010-07-21,2010,3,July
568,2010-07-22,2010,3,July
569,2010-07-23,2010,3,July
570,2010-07-24,2010,3,July
571,2010-07-25,2010,3,July
572,2010-07-26,2010,3,July
573,2010-07-27,2010,3,July
574,2010-07-28,2010,3,July
575,2010-07-29,2010,3,July
576,2010-07-30,2010,3,July
577,2010-07-31,2010,3,July
578,2010-08-01,2010,3,August
579,2010-08-02,2010,3,August
580,2010-08-03,2010,3,August
581,2010-08-04,2010,3,August
582,2010-08-05,2010,3,August
583,2010-08-06,2010,3,August
584,2010-08-07,2010,3,August
585,2010-08-08,2010,3,August
586,2010-08-09,2010,3,August
587,2010-08-10,2010,3,August
588,2010-08-11,2010,3,August
589,2010-08-12,2010,3,August
590,2010-08-13,2010,3,August
591,2010-08-14,2010,3,August
592,2010-08-15,2010,3,August
593,2010-08-16,2010,3,August
594,2010-08-17,2010,3,August
595,2010-08-18,2010,3,August
596,2010-08-19,2010,3,August
597,2010-08-20,2010,3,August
598,2010-08-21,2010,3,August
599,2010-08-22,2010,3,August
600,2010-08-23,2010,3,August
601,2010-08-24,2010,3,August
602,2010-08-25,2010,3,August
603,2010-08-26,2010,3,August
604,2010-08-27,2010,3,August
605,2010-08-28,2010,3,August
606,2010-08-29,2010,3,August
607,2010-08-30,2010,3,August
608,2010-08-31,2010,3,August
609,2010-09-01,2010,3,September
610,2010-09-02,2010,3,September
611,2010-09-03,2010,3,September
612,2010-09-04,2010,3,September
613,2010-09-05,2010,3,September
614,2010-09-06,2010,3,September
615,2010-09-07,2010,3,September
616,2010-09-08,2010,3,September
617,2010-09-09,2010,3,September
618,2010-09-10,2010,3,September
619,2010-09-11,2010,3,September
620,2010-09-12,2010,3,September
621,2010-09-13,2010,3,September
622,2010-09-14,2010,3,September
623,2010-09-15,2010,3,September
624,2010-09-16,2010,3,September
625,2010-09-17,2010,3,September
626,2010-09-18,2010,3,September
627,2010-09-19,2010,3,September
628,2010-09-20,2010,3,September
629,2010-09-21,2010,3,September
630,2010-09-22,2010,3,September
631,2010-09-23,2010,3,September
632,2010-09-24,2010,3,September
633,2010-09-25,2010,3,September
634,2010-09-26,2010,3,September
635,2010-09-27,2010,3,September
636,2010-09-28,2010,3,September
637,2010-09-29,2010,3,September
638,2010-09-30,2010,3,September
639,2010-10-01,2010,4,October
640,2010-10-02,2010,4,October
641,2010-10-03,2010,4,October
642,2010-10-04,2010,4,October
643,2010-10-05,2010,4,October
644,2010-10-06,2010,4,October
645,2010-10-07,2010,4,October
646,2010-10-08,2010,4,October
647,2010-10-09,2010,4,October
648,2010-10-10,2010,4,October
649,2010-10-11,2010,4,October
650,2010-10-12,2010,4,October
651,2010-10-13,2010,4,October
652,2010-10-14,2010,4,October
653,2010-10-15,2010,4,October
654,2010-10-16,2010,4,October
655,2010-10-17,2010,4,October
656,2010-10-18,2010,4,October
657,2010-10-19,2010,4,October
658,2010-10-20,2010,4,October
659,2010-10-21,2010,4,October
660,2010-10-22,2010,4,October
661,2010-10-23,2010,4,October
662,2010-10-24,2010,4,October
663,2010-10-25,2010,4,October
664,2010-10-26,2010,4,October
665,2010-10-27,2010,4,October
666,2010-10-28,2010,4,October
667,2010-10-29,2010,4,October
668,2010-10-30,2010,4,October
669,2010-10-31,2010,4,October
670,2010-11-01,2010,4,November
671,2010-11-02,2010,4,November
672,2010-11-03,2010,4,November
673,2010-11-04,2010,4,November
674,2010-11-05,2010,4,November
675,2010-11-06,2010,4,November
676,2010-11-07,2010,4,November
677,2010-11-08,2010,4,November
678,2010-11-09,2010,4,November
679,2010-11-10,2010,4,November
680,2010-11-11,2010,4,November
681,2010-11-12,2010,4,November
682,2010-11-13,2010,4,November
683,2010-11-14,2010,4,November
684,2010-11-15,2010,4,November
685,2010-11-16,2010,4,November
686,2010-11-17,2010,4,November
687,2010-11-18,2010,4,November
688,2010-11-19,2010,4,November
689,2010-11-20,2010,4,November
690,2010-11-21,2010,4,November
691,2010-11-22,2010,4,November
692,2010-11-23,2010,4,November
693,2010-11-24,2010,4,November
694,2010-11-25,2010,4,November
695,2010-11-26,2010,4,November
696,2010-11-27,2010,4,November
697,2010-11-28,2010,4,November
698,2010-11-29,2010,4,November
699,2010-11-30,2010,4,November
700,2010-12-01,2010,4,December
701,2010-12-02,2010,4,December
702,2010-12-03,2010,4,December
703,2010-12-04,2010,4,December
704,2010-12-05,2010,4,December
705,2010-12-06,2010,4,December
706,2010-12-07,2010,4,December
707,2010-12-08,2010,4,December
708,2010-12-09,2010,4,December
709,2010-12-10,2010,4,December
710,2010-12-11,2010,4,December
711,2010-12-12,2010,4,December
712,2010-12-13,2010,4,December
713,2010-12-14,2010,4,December
714,2010-12-15,2010,4,December
715,2010-12-16,2010,4,December
716,2010-12-17,2010,4,December
717,2010-12-18,2010,4,December
718,2010-12-19,2010,4,December
719,2010-12-20,2010,4,December
720,2010-12-21,2010,4,December
721,2010-12-22,2010,4,December
722,2010-12-23,2010,4,December
723,2010-12-24,2010,4,December
724,2010-12-25,2010,4,December
725,2010-12-26,2010,4,December
726,2010-12-27,2010,4,December
727,2010-12-28,2010,4,December
728,2010-12-29,2010,4,December
729,2010-12-30,2010,4,December
730,2010-12-31,2010,4,December
731,2011-01-01,2011,1,January
732,2011-01-02,2011,1,January
733,2011-01-03,2011,1,January
734,2011-01-04,2011,1,January
735,2011-01-05,2011,1,January
736,2011-01-06,2011,1,January
737,2011-01-07,2011,1,January
738,2011-01-08,2011,1,January
739,2011-01-09,2011,1,January
740,2011-01-10,2011,1,January
741,2011-01-11,2011,1,January
742,2011-01-12,2011,1,January
743,2011-01-13,2011,1,January
744,2011-01-14,2011,1,January
745,2011-01-15,2011,1,January
746,2011-01-16,2011,1,January
747,2011-01-17,2011,1,January
748,2011-01-18,2011,1,January
749,2011-01-19,2011,1,January
750,2011-01-20,2011,1,January
751,2011-01-21,2011,1,January
752,2011-01-22,2011,1,January
753,2011-01-23,2011,1,January
754,2011-01-24,2011,1,January
755,2011-01-25,2011,1,January
756,2011-01-26,2011,1,January
757,2011-01-27,2011,1,January
758,2011-01-28,2011,1,January
759,2011-01-29,2011,1,January
760,2011-01-30,2011,1,January
761,2011-01-31,2011,1,January
762,2011-02-01,2011,1,February
763,2011-02-02,2011,1,February
764,2011-02-03,2011,1,February
765,2011-02-04,2011,1,February
766,2011-02-05,2011,1,February
767,2011-02-06,2011,1,February
768,2011-02-07,2011,1,February
769,2011-02-08,2011,1,February
770,2011-02-09,2011,1,February
771,2011-02-10,2011,1,February
772,2011-02-11,2011,1,February
773,2011-02-12,2011,1,February
774,2011-02-13,2011,1,February
775,2011-02-14,2011,1,February
776,2011-02-15,2011,1,February
777,2011-02-16,2011,1,February
778,2011-02-17,2011,1,February
779,2011-02-18,2011,1,February
780,2011-02-19,2011,1,February
781,2011-02-20,2011,1,February
782,2011-02-21,2011,1,February
783,2011-02-22,2011,1,February
784,2011-02-23,2011,1,February
785,2011-02-24,2011,1,February
786,2011-02-25,2011,1,February
787,2011-02-26,2011,1,February
788,2011-02-27,2011,1,February
789,2011-02-28,2011,1,February
790,2011-03-01,2011,1,March
791,2011-03-02,2011,1,March
792,2011-03-03,2011,1,March
793,2011-03-04,2011,1,March
794,2011-03-05,2011,1,March
795,2011-03-06,2011,1,March
796,2011-03-07,2011,1,March
797,2011-03-08,2011,1,March
798,2011-03-09,2011,1,March
799,2011-03-10,2011,1,March
800,2011-03-11,2011,1,March
801,2011-03-12,2011,1,March
802,2011-03-13,2011,1,March
803,2011-03-14,2011,1,March
804,2011-03-15,2011,1,March
805,2011-03-16,2011,1,March
806,2011-03-17,2011,1,March
807,2011-03-18,2011,1,March
808,2011-03-19,2011,1,March
809,2011-03-20,2011,1,March
810,2011-03-21,2011,1,March
811,2011-03-22,2011,1,March
812,2011-03-23,2011,1,March
813,2011-03-24,2011,1,March
814,2011-03-25,2011,1,March
815,2011-03-26,2011,1,March
816,2011-03-27,2011,1,March
817,2011-03-28,2011,1,March
818,2011-03-29,2011,1,March
819,2011-03-30,2011,1,March
820,2011-03-31,2011,1,March
821,2011-04-01,2011,2,April
822,2011-04-02,2011,2,April
823,2011-04-03,2011,2,April
824,2011-04-04,2011,2,April
825,2011-04-05,2011,2,April
826,2011-04-06,2011,2,April
827,2011-04-07,2011,2,April
828,2011-04-08,2011,2,April
829,2011-04-09,2011,2,April
830,2011-04-10,2011,2,April
831,2011-04-11,2011,2,April
832,2011-04-12,2011,2,April
833,2011-04-13,2011,2,April
834,2011-04-14,2011,2,April
835,2011-04-15,2011,2,April
836,2011-04-16,2011,2,April
837,2011-04-17,2011,2,April
838,2011-04-18,2011,2,April
839,2011-04-19,2011,2,April
840,2011-04-20,2011,2,April
841,2011-04-21,2011,2,April
842,2011-04-22,2011,2,April
843,2011-04-23,2011,2,April
844,2011-04-24,2011,2,April
845,2011-04-25,2011,2,April
846,2011-04-26,2011,2,April
847,2011-04-27,2011,2,April
848,2011-04-28,2011,2,April
849,2011-04-29,2011,2,April
850,2011-04-30,2011,2,April
851,2011-05-01,2011,2,May
852,2011-05-02,2011,2,May
853,2011-05-03,2011,2,May
854,2011-05-04,2011,2,May
855,2011-05-05,2011,2,May
856,2011-05-06,2011,2,May
857,2011-05-07,2011,2,May
858,2011-05-08,2011,2,May
859,2011-05-09,2011,2,May
860,2011-05-10,2011,2,May
861,2011-05-11,2011,2,May
862,2011-05-12,2011,2,May
863,2011-05-13,2011,2,May
864,2011-05-14,2011,2,May
865,2011-05-15,2011,2,May
866,2011-05-16,2011,2,May
867,2011-05-17,2011,2,May
868,2011-05-18,2011,2,May
869,2011-05-19,2011,2,May
870,2011-05-20,2011,2,May
871,2011-05-21,2011,2,May
872,2011-05-22,2011,2,May
873,2011-05-23,2011,2,May
874,2011-05-24,2011,2,May
875,2011-05-25,2011,2,May
876,2011-05-26,2011,2,May
877,2011-05-27,2011,2,May
878,2011-05-28,2011,2,May
879,2011-05-29,2011,2,May
880,2011-05-30,2011,2,May
881,2011-05-31,2011,2,May
882,2011-06-01,2011,2,June
883,2011-06-02,2011,2,June
884,2011-06-03,2011,2,June
885,2011-06-04,2011,2,June
886,2011-06-05,2011,2,June
887,2011-06-06,2011,2,June
888,2011-06-07,2011,2,June
889,2011-06-08,2011,2,June
890,2011-06-09,2011,2,June
891,2011-06-10,2011,2,June
892,2011-06-11,2011,2,June
893,2011-06-12,2011,2,June
894,2011-06-13,2011,2,June
895,2011-06-14,2011,2,June
896,2011-06-15,2011,2,June
897,2011-06-16,2011,2,June
898,2011-06-17,2011,2,June
899,2011-06-18,2011,2,June
900,2011-06-19,2011,2,June
901,2011-06-20,2011,2,June
902,2011-06-21,2011,2,June
903,2011-06-22,2011,2,June
904,2011-06-23,2011,2,June
905,2011-06-24,2011,2,June
906,2011-06-25,2011,2,June
907,2011-06-26,2011,2,June
908,2011-06-27,2011,2,June
909,2011-06-28,2011,2,June
910,2011-06-29,2011,2,June
911,2011-06-30,2011,2,June
912,2011-07-01,2011,3,July
913,2011-07-02,2011,3,July
914,2011-07-03,2011,3,July
915,2011-07-04,2011,3,July
916,2011-07-05,2011,3,July
917,2011-07-06,2011,3,July
918,2011-07-07,2011,3,July
919,2011-07-08,2011,3,July
920,2011-07-09,2011,3,July
921,2011-07-10,2011,3,July
922,2011-07-11,2011,3,July
923,2011-07-12,2011,3,July
924,2011-07-13,2011,3,July
925,2011-07-14,2011,3,July
926,2011-07-15,2011,3,July
927,2011-07-16,2011,3,July
928,2011-07-17,2011,3,July
929,2011-07-18,2011,3,July
930,2011-07-19,2011,3,July
931,2011-07-20,2011,3,July
932,2011-07-21,2011,3,July
933,2011-07-22,2011,3,July
934,2011-07-23,2011,3,July
935,2011-07-24,2011,3,July
936,2011-07-25,2011,3,July
937,2011-07-26,2011,3,July
938,2011-07-27,2011,3,July
939,2011-07-28,2011,3,July
940,2011-07-29,2011,3,July
941,2011-07-30,2011,3,July
942,2011-07-31,2011,3,July
943,2011-08-01,2011,3,August
944,2011-08-02,2011,3,August
945,2011-08-03,2011,3,August
946,2011-08-04,2011,3,August
947,2011-08-05,2011,3,August
948,2011-08-06,2011,3,August
949,2011-08-07,2011,3,August
950,2011-08-08,2011,3,August
951,2011-08-09,2011,3,August
952,2011-08-10,2011,3,August
953,2011-08-11,2011,3,August
954,2011-08-12,2011,3,August
955,2011-08-13,2011,3,August
956,2011-08-14,2011,3,August
957,2011-08-15,2011,3,August
958,2011-08-16,2011,3,August
959,2011-08-17,2011,3,August
960,2011-08-18,2011,3,August
961,2011-08-19,2011,3,August
962,2011-08-20,2011,3,August
963,2011-08-21,2011,3,August
964,2011-08-22,2011,3,August
965,2011-08-23,2011,3,August
966,2011-08-24,2011,3,August
967,2011-08-25,2011,3,August
968,2011-08-26,2011,3,August
969,2011-08-27,2011,3,August
970,2011-08-28,2011,3,August
971,2011-08-29,2011,3,August
972,2011-08-30,2011,3,August
973,2011-08-31,2011,3,August
974,2011-09-01,2011,3,September
975,2011-09-02,2011,3,September
976,2011-09-03,2011,3,September
977,2011-09-04,2011,3,September
978,2011-09-05,2011,3,September
979,2011-09-06,2011,3,September
980,2011-09-07,2011,3,September
981,2011-09-08,2011,3,September
982,2011-09-09,2011,3,September
983,2011-09-10,2011,3,September
984,2011-09-11,2011,3,September
985,2011-09-12,2011,3,September
986,2011-09-13,2011,3,September
987,2011-09-14,2011,3,September
988,2011-09-15,2011,3,September
989,2011-09-16,2011,3,September
990,2011-09-17,2011,3,September
991,2011-09-18,2011,3,September
992,2011-09-19,2011,3,September
993,2011-09-20,2011,3,September
994,2011-09-21,2011,3,September
995,2011-09-22,2011,3,September
996,2011-09-23,2011,3,September
997,2011-09-24,2011,3,September
998,2011-09-25,2011,3,September
999,2011-09-26,2011,3,September
1000,2011-09-27,2011,3,September
1001,2011-09-28,2011,3,September
1002,2011-09-29,2011,3,September
1003,2011-09-30,2011,3,September
1004,2011-10-01,2011,4,October
1005,2011-10-02,2011,4,October
1006,2011-10-03,2011,4,October
1007,2011-10-04,2011,4,October
1008,2011-10-05,2011,4,October
1009,2011-10-06,2011,4,October
1010,2011-10-07,2011,4,October
1011,2011-10-08,2011,4,October
1012,2011-10-09,2011,4,October
1013,2011-10-10,2011,4,October
1014,2011-10-11,2011,4,October
1015,2011-10-12,2011,4,October
1016,2011-10-13,2011,4,October
1017,2011-10-14,2011,4,October
1018,2011-10-15,2011,4,October
1019,2011-10-16,2011,4,October
1020,2011-10-17,2011,4,October
1021,2011-10-18,2011,4,October
1022,2011-10-19,2011,4,October
1023,2011-10-20,2011,4,October
1024,2011-10-21,2011,4,October
1025,2011-10-22,2011,4,October
1026,2011-10-23,2011,4,October
1027,2011-10-24,2011,4,October
1028,2011-10-25,2011,4,October
1029,2011-10-26,2011,4,October
1030,2011-10-27,2011,4,October
1031,2011-10-28,2011,4,October
1032,2011-10-29,2011,4,October
1033,2011-10-30,2011,4,October
1034,2011-10-31,2011,4,October
1035,2011-11-01,2011,4,November
1036,2011-11-02,2011,4,November
1037,2011-11-03,2011,4,November
1038,2011-11-04,2011,4,November
1039,2011-11-05,2011,4,November
1040,2011-11-06,2011,4,November
1041,2011-11-07,2011,4,November
1042,2011-11-08,2011,4,November
1043,2011-11-09,2011,4,November
1044,2011-11-10,2011,4,November
1045,2011-11-11,2011,4,November
1046,2011-11-12,2011,4,November
1047,2011-11-13,2011,4,November
1048,2011-11-14,2011,4,November
1049,2011-11-15,2011,4,November
1050,2011-11-16,2011,4,November
1051,2011-11-17,2011,4,November
1052,2011-11-18,2011,4,November
1053,2011-11-19,2011,4,November
1054,2011-11-20,2011,4,November
1055,2011-11-21,2011,4,November
1056,2011-11-22,2011,4,November
1057,2011-11-23,2011,4,November
1058,2011-11-24,2011,4,November
1059,2011-11-25,2011,4,November
1060,2011-11-26,2011,4,November
1061,2011-11-27,2011,4,November
1062,2011-11-28,2011,4,November
1063,2011-11-29,2011,4,November
1064,2011-11-30,2011,4,November
1065,2011-12-01,2011,4,December
1066,2011-12-02,2011,4,December
1067,2011-12-03,2011,4,December
1068,2011-12-04,2011,4,December
1069,2011-12-05,2011,4,December
1070,2011-12-06,2011,4,December
1071,2011-12-07,2011,4,December
1072,2011-12-08,2011,4,December
1073,2011-12-09,2011,4,December
1074,2011-12-10,2011,4,December
1075,2011-12-11,2011,4,December
1076,2011-12-12,2011,4,December
1077,2011-12-13,2011,4,December
1078,2011-12-14,2011,4,December
1079,2011-12-15,2011,4,December
1080,2011-12-16,2011,4,December
1081,2011-12-17,2011,4,December
1082,2011-12-18,2011,4,December
1083,2011-12-19,2011,4,December
1084,2011-12-20,2011,4,December
1085,2011-12-21,2011,4,December
1086,2011-12-22,2011,4,December
1087,2011-12-23,2011,4,December
1088,2011-12-24,2011,4,December
1089,2011-12-25,2011,4,December
1090,2011-12-26,2011,4,December
1091,2011-12-27,2011,4,December
1092,2011-12-28,2011,4,December
1093,2011-12-29,2011,4,December
1094,2011-12-30,2011,4,December
1095,2011-12-31,2011,4,December
1096,2012-01-01,2012,1,January
1097,2012-01-02,2012,1,January
1098,2012-01-03,2012,1,January
1099,2012-01-04,2012,1,January
1100,2012-01-05,2012,1,January
1101,2012-01-06,2012,1,January
1102,2012-01-07,2012,1,January
1103,2012-01-08,2012,1,January
1104,2012-01-09,2012,1,January
1105,2012-01-10,2012,1,January
1106,2012-01-11,2012,1,January
1107,2012-01-12,2012,1,January
1108,2012-01-13,2012,1,January
1109,2012-01-14,2012,1,January
1110,2012-01-15,2012,1,January
1111,2012-01-16,2012,1,January
1112,2012-01-17,2012,1,January
1113,2012-01-18,2012,1,January
1114,2012-01-19,2012,1,January
1115,2012-01-20,2012,1,January
1116,2012-01-21,2012,1,January
1117,2012-01-22,2012,1,January
1118,2012-01-23,2012,1,January
1119,2012-01-24,2012,1,January
1120,2012-01-25,2012,1,January
1121,2012-01-26,2012,1,January
1122,2012-01-27,2012,1,January
1123,2012-01-28,2012,1,January
1124,2012-01-29,2012,1,January
1125,2012-01-30,2012,1,January
1126,2012-01-31,2012,1,January
1127,2012-02-01,2012,1,February
1128,2012-02-02,2012,1,February
1129,2012-02-03,2012,1,February
1130,2012-02-04,2012,1,February
1131,2012-02-05,2012,1,February
1132,2012-02-06,2012,1,February
1133,2012-02-07,2012,1,February
1134,2012-02-08,2012,1,February
1135,2012-02-09,2012,1,February
1136,2012-02-10,2012,1,February
1137,2012-02-11,2012,1,February
1138,2012-02-12,2012,1,February
1139,2012-02-13,2012,1,February
1140,2012-02-14,2012,1,February
1141,2012-02-15,2012,1,February
1142,2012-02-16,2012,1,February
1143,2012-02-17,2012,1,February
1144,2012-02-18,2012,1,February
1145,2012-02-19,2012,1,February
1146,2012-02-20,2012,1,February
1147,2012-02-21,2012,1,February
1148,2012-02-22,2012,1,February
1149,2012-02-23,2012,1,February
1150,2012-02-24,2012,1,February
1151,2012-02-25,2012,1,February
1152,2012-02-26,2012,1,February
1153,2012-02-27,2012,1,February
1154,2012-02-28,2012,1,February
1155,2012-02-29,2012,1,February
1156,2012-03-01,2012,1,March
1157,2012-03-02,2012,1,March
1158,2012-03-03,2012,1,March
1159,2012-03-04,2012,1,March
1160,2012-03-05,2012,1,March
1161,2012-03-06,2012,1,March
1162,2012-03-07,2012,1,March
1163,2012-03-08,2012,1,March
1164,2012-03-09,2012,1,March
1165,2012-03-10,2012,1,March
1166,2012-03-11,2012,1,March
1167,2012-03-12,2012,1,March
1168,2012-03-13,2012,1,March
1169,2012-03-14,2012,1,March
1170,2012-03-15,2012,1,March
1171,2012-03-16,2012,1,March
1172,2012-03-17,2012,1,March
1173,2012-03-18,2012,1,March
1174,2012-03-19,2012,1,March
1175,2012-03-20,2012,1,March
1176,2012-03-21,2012,1,March
1177,2012-03-22,2012,1,March
1178,2012-03-23,2012,1,March
1179,2012-03-24,2012,1,March
1180,2012-03-25,2012,1,March
1181,2012-03-26,2012,1,March
1182,2012-03-27,2012,1,March
1183,2012-03-28,2012,1,March
1184,2012-03-29,2012,1,March
1185,2012-03-30,2012,1,March
1186,2012-03-31,2012,1,March
1187,2012-04-01,2012,2,April
1188,2012-04-02,2012,2,April
1189,2012-04-03,2012,2,April
1190,2012-04-04,2012,2,April
1191,2012-04-05,2012,2,April
1192,2012-04-06,2012,2,April
1193,2012-04-07,2012,2,April
1194,2012-04-08,2012,2,April
1195,2012-04-09,2012,2,April
1196,2012-04-10,2012,2,April
1197,2012-04-11,2012,2,April
1198,2012-04-12,2012,2,April
1199,2012-04-13,2012,2,April
1200,2012-04-14,2012,2,April
1201,2012-04-15,2012,2,April
1202,2012-04-16,2012,2,April
1203,2012-04-17,2012,2,April
1204,2012-04-18,2012,2,April
1205,2012-04-19,2012,2,April
1206,2012-04-20,2012,2,April
1207,2012-04-21,2012,2,April
1208,2012-04-22,2012,2,April
1209,2012-04-23,2012,2,April
1210,2012-04-24,2012,2,April
1211,2012-04-25,2012,2,April
1212,2012-04-26,2012,2,April
1213,2012-04-27,2012,2,April
1214,2012-04-28,2012,2,April
1215,2012-04-29,2012,2,April
1216,2012-04-30,2012,2,April
1217,2012-05-01,2012,2,May
1218,2012-05-02,2012,2,May
1219,2012-05-03,2012,2,May
1220,2012-05-04,2012,2,May
1221,2012-05-05,2012,2,May
1222,2012-05-06,2012,2,May
1223,2012-05-07,2012,2,May
1224,2012-05-08,2012,2,May
1225,2012-05-09,2012,2,May
1226,2012-05-10,2012,2,May
1227,2012-05-11,2012,2,May
1228,2012-05-12,2012,2,May
1229,2012-05-13,2012,2,May
1230,2012-05-14,2012,2,May
1231,2012-05-15,2012,2,May
1232,2012-05-16,2012,2,May
1233,2012-05-17,2012,2,May
1234,2012-05-18,2012,2,May
1235,2012-05-19,2012,2,May
1236,2012-05-20,2012,2,May
1237,2012-05-21,2012,2,May
1238,2012-05-22,2012,2,May
1239,2012-05-23,2012,2,May
1240,2012-05-24,2012,2,May
1241,2012-05-25,2012,2,May
1242,2012-05-26,2012,2,May
1243,2012-05-27,2012,2,May
1244,2012-05-28,2012,2,May
1245,2012-05-29,2012,2,May
1246,2012-05-30,2012,2,May
1247,2012-05-31,2012,2,May
1248,2012-06-01,2012,2,June
1249,2012-06-02,2012,2,June
1250,2012-06-03,2012,2,June
1251,2012-06-04,2012,2,June
1252,2012-06-05,2012,2,June
1253,2012-06-06,2012,2,June
1254,2012-06-07,2012,2,June
1255,2012-06-08,2012,2,June
1256,2012-06-09,2012,2,June
1257,2012-06-10,2012,2,June
1258,2012-06-11,2012,2,June
1259,2012-06-12,2012,2,June
1260,2012-06-13,2012,2,June
1261,2012-06-14,2012,2,June
1262,2012-06-15,2012,2,June
1263,2012-06-16,2012,2,June
1264,2012-06-17,2012,2,June
1265,2012-06-18,2012,2,June
1266,2012-06-19,2012,2,June
1267,2012-06-20,2012,2,June
1268,2012-06-21,2012,2,June
1269,2012-06-22,2012,2,June
1270,2012-06-23,2012,2,June
1271,2012-06-24,2012,2,June
1272,2012-06-25,2012,2,June
1273,2012-06-26,2012,2,June
1274,2012-06-27,2012,2,June
1275,2012-06-28,2012,2,June
1276,2012-06-29,2012,2,June
1277,2012-06-30,2012,2,June
1278,2012-07-01,2012,3,July
1279,2012-07-02,2012,3,July
1280,2012-07-03,2012,3,July
1281,2012-07-04,2012,3,July
1282,2012-07-05,2012,3,July
1283,2012-07-06,2012,3,July
1284,2012-07-07,2012,3,July
1285,2012-07-08,2012,3,July
1286,2012-07-09,2012,3,July
1287,2012-07-10,2012,3,July
1288,2012-07-11,2012,3,July
1289,2012-07-12,2012,3,July
1290,2012-07-13,2012,3,July
1291,2012-07-14,2012,3,July
1292,2012-07-15,2012,3,July
1293,2012-07-16,2012,3,July
1294,2012-07-17,2012,3,July
1295,2012-07-18,2012,3,July
1296,2012-07-19,2012,3,July
1297,2012-07-20,2012,3,July
1298,2012-07-21,2012,3,July
1299,2012-07-22,2012,3,July
1300,2012-07-23,2012,3,July
1301,2012-07-24,2012,3,July
1302,2012-07-25,2012,3,July
1303,2012-07-26,2012,3,July
1304,2012-07-27,2012,3,July
1305,2012-07-28,2012,3,July
1306,2012-07-29,2012,3,July
1307,2012-07-30,2012,3,July
1308,2012-07-31,2012,3,July
1309,2012-08-01,2012,3,August
1310,2012-08-02,2012,3,August
1311,2012-08-03,2012,3,August
1312,2012-08-04,2012,3,August
1313,2012-08-05,2012,3,August
1314,2012-08-06,2012,3,August
1315,2012-08-07,2012,3,August
1316,2012-08-08,2012,3,August
1317,2012-08-09,2012,3,August
1318,2012-08-10,2012,3,August
1319,2012-08-11,2012,3,August
1320,2012-08-12,2012,3,August
1321,2012-08-13,2012,3,August
1322,2012-08-14,2012,3,August
1323,2012-08-15,2012,3,August
1324,2012-08-16,2012,3,August
1325,2012-08-17,2012,3,August
1326,2012-08-18,2012,3,August
1327,2012-08-19,2012,3,August
1328,2012-08-20,2012,3,August
1329,2012-08-21,2012,3,August
1330,2012-08-22,2012,3,August
1331,2012-08-23,2012,3,August
1332,2012-08-24,2012,3,August
1333,2012-08-25,2012,3,August
1334,2012-08-26,2012,3,August
1335,2012-08-27,2012,3,August
1336,2012-08-28,2012,3,August
1337,2012-08-29,2012,3,August
1338,2012-08-30,2012,3,August
1339,2012-08-31,2012,3,August
1340,2012-09-01,2012,3,September
1341,2012-09-02,2012,3,September
1342,2012-09-03,2012,3,September
1343,2012-09-04,2012,3,September
1344,2012-09-05,2012,3,September
1345,2012-09-06,2012,3,September
1346,2012-09-07,2012,3,September
1347,2012-09-08,2012,3,September
1348,2012-09-09,2012,3,September
1349,2012-09-10,2012,3,September
1350,2012-09-11,2012,3,September
1351,2012-09-12,2012,3,September
1352,2012-09-13,2012,3,September
1353,2012-09-14,2012,3,September
1354,2012-09-15,2012,3,September
1355,2012-09-16,2012,3,September
1356,2012-09-17,2012,3,September
1357,2012-09-18,2012,3,September
1358,2012-09-19,2012,3,September
1359,2012-09-20,2012,3,September
1360,2012-09-21,2012,3,September
1361,2012-09-22,2012,3,September
1362,2012-09-23,2012,3,September
1363,2012-09-24,2012,3,September
1364,2012-09-25,2012,3,September
1365,2012-09-26,2012,3,September
1366,2012-09-27,2012,3,September
1367,2012-09-28,2012,3,September
1368,2012-09-29,2012,3,September
1369,2012-09-30,2012,3,September
1370,2012-10-01,2012,4,October
1371,2012-10-02,2012,4,October
1372,2012-10-03,2012,4,October
1373,2012-10-04,2012,4,October
1374,2012-10-05,2012,4,October
1375,2012-10-06,2012,4,October
1376,2012-10-07,2012,4,October
1377,2012-10-08,2012,4,October
1378,2012-10-09,2012,4,October
1379,2012-10-10,2012,4,October
1380,2012-10-11,2012,4,October
1381,2012-10-12,2012,4,October
1382,2012-10-13,2012,4,October
1383,2012-10-14,2012,4,October
1384,2012-10-15,2012,4,October
1385,2012-10-16,2012,4,October
1386,2012-10-17,2012,4,October
1387,2012-10-18,2012,4,October
1388,2012-10-19,2012,4,October
1389,2012-10-20,2012,4,October
1390,2012-10-21,2012,4,October
1391,2012-10-22,2012,4,October
1392,2012-10-23,2012,4,October
1393,2012-10-24,2012,4,October
1394,2012-10-25,2012,4,October
1395,2012-10-26,2012,4,October
1396,2012-10-27,2012,4,October
1397,2012-10-28,2012,4,October
1398,2012-10-29,2012,4,October
1399,2012-10-30,2012,4,October
1400,2012-10-31,2012,4,October
1401,2012-11-01,2012,4,November
1402,2012-11-02,2012,4,November
1403,2012-11-03,2012,4,November
1404,2012-11-04,2012,4,November
1405,2012-11-05,2012,4,November
1406,2012-11-06,2012,4,November
1407,2012-11-07,2012,4,November
1408,2012-11-08,2012,4,November
1409,2012-11-09,2012,4,November
1410,2012-11-10,2012,4,November
1411,2012-11-11,2012,4,November
1412,2012-11-12,2012,4,November
1413,2012-11-13,2012,4,November
1414,2012-11-14,2012,4,November
1415,2012-11-15,2012,4,November
1416,2012-11-16,2012,4,November
1417,2012-11-17,2012,4,November
1418,2012-11-18,2012,4,November
1419,2012-11-19,2012,4,November
1420,2012-11-20,2012,4,November
1421,2012-11-21,2012,4,November
1422,2012-11-22,2012,4,November
1423,2012-11-23,2012,4,November
1424,2012-11-24,2012,4,November
1425,2012-11-25,2012,4,November
1426,2012-11-26,2012,4,November
1427,2012-11-27,2012,4,November
1428,2012-11-28,2012,4,November
1429,2012-11-29,2012,4,November
1430,2012-11-30,2012,4,November
1431,2012-12-01,2012,4,December
1432,2012-12-02,2012,4,December
1433,2012-12-03,2012,4,December
1434,2012-12-04,2012,4,December
1435,2012-12-05,2012,4,December
1436,2012-12-06,2012,4,December
1437,2012-12-07,2012,4,December
1438,2012-12-08,2012,4,December
1439,2012-12-09,2012,4,December
1440,2012-12-10,2012,4,December
1441,2012-12-11,2012,4,December
1442,2012-12-12,2012,4,December
1443,2012-12-13,2012,4,December
1444,2012-12-14,2012,4,December
1445,2012-12-15,2012,4,December
1446,2012-12-16,2012,4,December
1447,2012-12-17,2012,4,December
1448,2012-12-18,2012,4,December
1449,2012-12-19,2012,4,December
1450,2012-12-20,2012,4,December
1451,2012-12-21,2012,4,December
1452,2012-12-22,2012,4,December
1453,2012-12-23,2012,4,December
1454,2012-12-24,2012,4,December
1455,2012-12-25,2012,4,December
1456,2012-12-26,2012,4,December
1457,2012-12-27,2012,4,December
1458,2012-12-28,2012,4,December
1459,2012-12-29,2012,4,December
1460,2012-12-30,2012,4,December
1461,2012-12-31,2012,4,December
1462,2013-01-01,2013,1,January
1463,2013-01-02,2013,1,January
1464,2013-01-03,2013,1,January
1465,2013-01-04,2013,1,January
1466,2013-01-05,2013,1,January
1467,2013-01-06,2013,1,January
1468,2013-01-07,2013,1,January
1469,2013-01-08,2013,1,January
1470,2013-01-09,2013,1,January
1471,2013-01-10,2013,1,January
1472,2013-01-11,2013,1,January
1473,2013-01-12,2013,1,January
1474,2013-01-13,2013,1,January
1475,2013-01-14,2013,1,January
1476,2013-01-15,2013,1,January
1477,2013-01-16,2013,1,January
1478,2013-01-17,2013,1,January
1479,2013-01-18,2013,1,January
1480,2013-01-19,2013,1,January
1481,2013-01-20,2013,1,January
1482,2013-01-21,2013,1,January
1483,2013-01-22,2013,1,January
1484,2013-01-23,2013,1,January
1485,2013-01-24,2013,1,January
1486,2013-01-25,2013,1,January
1487,2013-01-26,2013,1,January
1488,2013-01-27,2013,1,January
1489,2013-01-28,2013,1,January
1490,2013-01-29,2013,1,January
1491,2013-01-30,2013,1,January
1492,2013-01-31,2013,1,January
1493,2013-02-01,2013,1,February
1494,2013-02-02,2013,1,February
1495,2013-02-03,2013,1,February
1496,2013-02-04,2013,1,February
1497,2013-02-05,2013,1,February
1498,2013-02-06,2013,1,February
1499,2013-02-07,2013,1,February
1500,2013-02-08,2013,1,February
1501,2013-02-09,2013,1,February
1502,2013-02-10,2013,1,February
1503,2013-02-11,2013,1,February
1504,2013-02-12,2013,1,February
1505,2013-02-13,2013,1,February
1506,2013-02-14,2013,1,February
1507,2013-02-15,2013,1,February
1508,2013-02-16,2013,1,February
1509,2013-02-17,2013,1,February
1510,2013-02-18,2013,1,February
1511,2013-02-19,2013,1,February
1512,2013-02-20,2013,1,February
1513,2013-02-21,2013,1,February
1514,2013-02-22,2013,1,February
1515,2013-02-23,2013,1,February
1516,2013-02-24,2013,1,February
1517,2013-02-25,2013,1,February
1518,2013-02-26,2013,1,February
1519,2013-02-27,2013,1,February
1520,2013-02-28,2013,1,February
1521,2013-03-01,2013,1,March
1522,2013-03-02,2013,1,March
1523,2013-03-03,2013,1,March
1524,2013-03-04,2013,1,March
1525,2013-03-05,2013,1,March
1526,2013-03-06,2013,1,March
1527,2013-03-07,2013,1,March
1528,2013-03-08,2013,1,March
1529,2013-03-09,2013,1,March
1530,2013-03-10,2013,1,March
1531,2013-03-11,2013,1,March
1532,2013-03-12,2013,1,March
1533,2013-03-13,2013,1,March
1534,2013-03-14,2013,1,March
1535,2013-03-15,2013,1,March
1536,2013-03-16,2013,1,March
1537,2013-03-17,2013,1,March
1538,2013-03-18,2013,1,March
1539,2013-03-19,2013,1,March
1540,2013-03-20,2013,1,March
1541,2013-03-21,2013,1,March
1542,2013-03-22,2013,1,March
1543,2013-03-23,2013,1,March
1544,2013-03-24,2013,1,March
1545,2013-03-25,2013,1,March
1546,2013-03-26,2013,1,March
1547,2013-03-27,2013,1,March
1548,2013-03-28,2013,1,March
1549,2013-03-29,2013,1,March
1550,2013-03-30,2013,1,March
1551,2013-03-31,2013,1,March
1552,2013-04-01,2013,2,April
1553,2013-04-02,2013,2,April
1554,2013-04-03,2013,2,April
1555,2013-04-04,2013,2,April
1556,2013-04-05,2013,2,April
1557,2013-04-06,2013,2,April
1558,2013-04-07,2013,2,April
1559,2013-04-08,2013,2,April
1560,2013-04-09,2013,2,April
1561,2013-04-10,2013,2,April
1562,2013-04-11,2013,2,April
1563,2013-04-12,2013,2,April
1564,2013-04-13,2013,2,April
1565,2013-04-14,2013,2,April
1566,2013-04-15,2013,2,April
1567,2013-04-16,2013,2,April
1568,2013-04-17,2013,2,April
1569,2013-04-18,2013,2,April
1570,2013-04-19,2013,2,April
1571,2013-04-20,2013,2,April
1572,2013-04-21,2013,2,April
1573,2013-04-22,2013,2,April
1574,2013-04-23,2013,2,April
1575,2013-04-24,2013,2,April
1576,2013-04-25,2013,2,April
1577,2013-04-26,2013,2,April
1578,2013-04-27,2013,2,April
1579,2013-04-28,2013,2,April
1580,2013-04-29,2013,2,April
1581,2013-04-30,2013,2,April
1582,2013-05-01,2013,2,May
1583,2013-05-02,2013,2,May
1584,2013-05-03,2013,2,May
1585,2013-05-04,2013,2,May
1586,2013-05-05,2013,2,May
1587,2013-05-06,2013,2,May
1588,2013-05-07,2013,2,May
1589,2013-05-08,2013,2,May
1590,2013-05-09,2013,2,May
1591,2013-05-10,2013,2,May
1592,2013-05-11,2013,2,May
1593,2013-05-12,2013,2,May
1594,2013-05-13,2013,2,May
1595,2013-05-14,2013,2,May
1596,2013-05-15,2013,2,May
1597,2013-05-16,2013,2,May
1598,2013-05-17,2013,2,May
1599,2013-05-18,2013,2,May
1600,2013-05-19,2013,2,May
1601,2013-05-20,2013,2,May
1602,2013-05-21,2013,2,May
1603,2013-05-22,2013,2,May
1604,2013-05-23,2013,2,May
1605,2013-05-24,2013,2,May
1606,2013-05-25,2013,2,May
1607,2013-05-26,2013,2,May
1608,2013-05-27,2013,2,May
1609,2013-05-28,2013,2,May
1610,2013-05-29,2013,2,May
1611,2013-05-30,2013,2,May
1612,2013-05-31,2013,2,May
1613,2013-06-01,2013,2,June
1614,2013-06-02,2013,2,June
1615,2013-06-03,2013,2,June
1616,2013-06-04,2013,2,June
1617,2013-06-05,2013,2,June
1618,2013-06-06,2013,2,June
1619,2013-06-07,2013,2,June
1620,2013-06-08,2013,2,June
1621,2013-06-09,2013,2,June
1622,2013-06-10,2013,2,June
1623,2013-06-11,2013,2,June
1624,2013-06-12,2013,2,June
1625,2013-06-13,2013,2,June
1626,2013-06-14,2013,2,June
1627,2013-06-15,2013,2,June
1628,2013-06-16,2013,2,June
1629,2013-06-17,2013,2,June
1630,2013-06-18,2013,2,June
1631,2013-06-19,2013,2,June
1632,2013-06-20,2013,2,June
1633,2013-06-21,2013,2,June
1634,2013-06-22,2013,2,June
1635,2013-06-23,2013,2,June
1636,2013-06-24,2013,2,June
1637,2013-06-25,2013,2,June
1638,2013-06-26,2013,2,June
1639,2013-06-27,2013,2,June
1640,2013-06-28,2013,2,June
1641,2013-06-29,2013,2,June
1642,2013-06-30,2013,2,June
1643,2013-07-01,2013,3,July
1644,2013-07-02,2013,3,July
1645,2013-07-03,2013,3,July
1646,2013-07-04,2013,3,July
1647,2013-07-05,2013,3,July
1648,2013-07-06,2013,3,July
1649,2013-07-07,2013,3,July
1650,2013-07-08,2013,3,July
1651,2013-07-09,2013,3,July
1652,2013-07-10,2013,3,July
1653,2013-07-11,2013,3,July
1654,2013-07-12,2013,3,July
1655,2013-07-13,2013,3,July
1656,2013-07-14,2013,3,July
1657,2013-07-15,2013,3,July
1658,2013-07-16,2013,3,July
1659,2013-07-17,2013,3,July
1660,2013-07-18,2013,3,July
1661,2013-07-19,2013,3,July
1662,2013-07-20,2013,3,July
1663,2013-07-21,2013,3,July
1664,2013-07-22,2013,3,July
1665,2013-07-23,2013,3,July
1666,2013-07-24,2013,3,July
1667,2013-07-25,2013,3,July
1668,2013-07-26,2013,3,July
1669,2013-07-27,2013,3,July
1670,2013-07-28,2013,3,July
1671,2013-07-29,2013,3,July
1672,2013-07-30,2013,3,July
1673,2013-07-31,2013,3,July
1674,2013-08-01,2013,3,August
1675,2013-08-02,2013,3,August
1676,2013-08-03,2013,3,August
1677,2013-08-04,2013,3,August
1678,2013-08-05,2013,3,August
1679,2013-08-06,2013,3,August
1680,2013-08-07,2013,3,August
1681,2013-08-08,2013,3,August
1682,2013-08-09,2013,3,August
1683,2013-08-10,2013,3,August
1684,2013-08-11,2013,3,August
1685,2013-08-12,2013,3,August
1686,2013-08-13,2013,3,August
1687,2013-08-14,2013,3,August
1688,2013-08-15,2013,3,August
1689,2013-08-16,2013,3,August
1690,2013-08-17,2013,3,August
1691,2013-08-18,2013,3,August
1692,2013-08-19,2013,3,August
1693,2013-08-20,2013,3,August
1694,2013-08-21,2013,3,August
1695,2013-08-22,2013,3,August
1696,2013-08-23,2013,3,August
1697,2013-08-24,2013,3,August
1698,2013-08-25,2013,3,August
1699,2013-08-26,2013,3,August
1700,2013-08-27,2013,3,August
1701,2013-08-28,2013,3,August
1702,2013-08-29,2013,3,August
1703,2013-08-30,2013,3,August
1704,2013-08-31,2013,3,August
1705,2013-09-01,2013,3,September
1706,2013-09-02,2013,3,September
1707,2013-09-03,2013,3,September
1708,2013-09-04,2013,3,September
1709,2013-09-05,2013,3,September
1710,2013-09-06,2013,3,September
1711,2013-09-07,2013,3,September
1712,2013-09-08,2013,3,September
1713,2013-09-09,2013,3,September
1714,2013-09-10,2013,3,September
1715,2013-09-11,2013,3,September
1716,2013-09-12,2013,3,September
1717,2013-09-13,2013,3,September
1718,2013-09-14,2013,3,September
1719,2013-09-15,2013,3,September
1720,2013-09-16,2013,3,September
1721,2013-09-17,2013,3,September
1722,2013-09-18,2013,3,September
1723,2013-09-19,2013,3,September
1724,2013-09-20,2013,3,September
1725,2013-09-21,2013,3,September
1726,2013-09-22,2013,3,September
1727,2013-09-23,2013,3,September
1728,2013-09-24,2013,3,September
1729,2013-09-25,2013,3,September
1730,2013-09-26,2013,3,September
1731,2013-09-27,2013,3,September
1732,2013-09-28,2013,3,September
1733,2013-09-29,2013,3,September
1734,2013-09-30,2013,3,September
1735,2013-10-01,2013,4,October
1736,2013-10-02,2013,4,October
1737,2013-10-03,2013,4,October
1738,2013-10-04,2013,4,October
1739,2013-10-05,2013,4,October
1740,2013-10-06,2013,4,October
1741,2013-10-07,2013,4,October
1742,2013-10-08,2013,4,October
1743,2013-10-09,2013,4,October
1744,2013-10-10,2013,4,October
1745,2013-10-11,2013,4,October
1746,2013-10-12,2013,4,October
1747,2013-10-13,2013,4,October
1748,2013-10-14,2013,4,October
1749,2013-10-15,2013,4,October
1750,2013-10-16,2013,4,October
1751,2013-10-17,2013,4,October
1752,2013-10-18,2013,4,October
1753,2013-10-19,2013,4,October
1754,2013-10-20,2013,4,October
1755,2013-10-21,2013,4,October
1756,2013-10-22,2013,4,October
1757,2013-10-23,2013,4,October
1758,2013-10-24,2013,4,October
1759,2013-10-25,2013,4,October
1760,2013-10-26,2013,4,October
1761,2013-10-27,2013,4,October
1762,2013-10-28,2013,4,October
1763,2013-10-29,2013,4,October
1764,2013-10-30,2013,4,October
1765,2013-10-31,2013,4,October
1766,2013-11-01,2013,4,November
1767,2013-11-02,2013,4,November
1768,2013-11-03,2013,4,November
1769,2013-11-04,2013,4,November
1770,2013-11-05,2013,4,November
1771,2013-11-06,2013,4,November
1772,2013-11-07,2013,4,November
1773,2013-11-08,2013,4,November
1774,2013-11-09,2013,4,November
1775,2013-11-10,2013,4,November
1776,2013-11-11,2013,4,November
1777,2013-11-12,2013,4,November
1778,2013-11-13,2013,4,November
1779,2013-11-14,2013,4,November
1780,2013-11-15,2013,4,November
1781,2013-11-16,2013,4,November
1782,2013-11-17,2013,4,November
1783,2013-11-18,2013,4,November
1784,2013-11-19,2013,4,November
1785,2013-11-20,2013,4,November
1786,2013-11-21,2013,4,November
1787,2013-11-22,2013,4,November
1788,2013-11-23,2013,4,November
1789,2013-11-24,2013,4,November
1790,2013-11-25,2013,4,November
1791,2013-11-26,2013,4,November
1792,2013-11-27,2013,4,November
1793,2013-11-28,2013,4,November
1794,2013-11-29,2013,4,November
1795,2013-11-30,2013,4,November
1796,2013-12-01,2013,4,December
1797,2013-12-02,2013,4,December
1798,2013-12-03,2013,4,December
1799,2013-12-04,2013,4,December
1800,2013-12-05,2013,4,December
1801,2013-12-06,2013,4,December
1802,2013-12-07,2013,4,December
1803,2013-12-08,2013,4,December
1804,2013-12-09,2013,4,December
1805,2013-12-10,2013,4,December
1806,2013-12-11,2013,4,December
1807,2013-12-12,2013,4,December
1808,2013-12-13,2013,4,December
1809,2013-12-14,2013,4,December
1810,2013-12-15,2013,4,December
1811,2013-12-16,2013,4,December
1812,2013-12-17,2013,4,December
1813,2013-12-18,2013,4,December
1814,2013-12-19,2013,4,December
1815,2013-12-20,2013,4,December
1816,2013-12-21,2013,4,December
1817,2013-12-22,2013,4,December
1818,2013-12-23,2013,4,December
1819,2013-12-24,2013,4,December
1820,2013-12-25,2013,4,December
1821,2013-12-26,2013,4,December
1822,2013-12-27,2013,4,December
1823,2013-12-28,2013,4,December
1824,2013-12-29,2013,4,December
1825,2013-12-30,2013,4,December
1826,2013-12-31,2013,4,December
1827,2014-01-01,2014,1,January
1828,2014-01-02,2014,1,January
1829,2014-01-03,2014,1,January
1830,2014-01-04,2014,1,January
1831,2014-01-05,2014,1,January
1832,2014-01-06,2014,1,January
1833,2014-01-07,2014,1,January
1834,2014-01-08,2014,1,January
1835,2014-01-09,2014,1,January
1836,2014-01-10,2014,1,January
1837,2014-01-11,2014,1,January
1838,2014-01-12,2014,1,January
1839,2014-01-13,2014,1,January
1840,2014-01-14,2014,1,January
1841,2014-01-15,2014,1,January
1842,2014-01-16,2014,1,January
1843,2014-01-17,2014,1,January
1844,2014-01-18,2014,1,January
1845,2014-01-19,2014,1,January
1846,2014-01-20,2014,1,January
1847,2014-01-21,2014,1,January
1848,2014-01-22,2014,1,January
1849,2014-01-23,2014,1,January
1850,2014-01-24,2014,1,January
1851,2014-01-25,2014,1,January
1852,2014-01-26,2014,1,January
1853,2014-01-27,2014,1,January
1854,2014-01-28,2014,1,January
1855,2014-01-29,2014,1,January
1856,2014-01-30,2014,1,January
1857,2014-01-31,2014,1,January
1858,2014-02-01,2014,1,February
1859,2014-02-02,2014,1,February
1860,2014-02-03,2014,1,February
1861,2014-02-04,2014,1,February
1862,2014-02-05,2014,1,February
1863,2014-02-06,2014,1,February
1864,2014-02-07,2014,1,February
1865,2014-02-08,2014,1,February
1866,2014-02-09,2014,1,February
1867,2014-02-10,2014,1,February
1868,2014-02-11,2014,1,February
1869,2014-02-12,2014,1,February
1870,2014-02-13,2014,1,February
1871,2014-02-14,2014,1,February
1872,2014-02-15,2014,1,February
1873,2014-02-16,2014,1,February
1874,2014-02-17,2014,1,February
1875,2014-02-18,2014,1,February
1876,2014-02-19,2014,1,February
1877,2014-02-20,2014,1,February
1878,2014-02-21,2014,1,February
1879,2014-02-22,2014,1,February
1880,2014-02-23,2014,1,February
1881,2014-02-24,2014,1,February
1882,2014-02-25,2014,1,February
1883,2014-02-26,2014,1,February
1884,2014-02-27,2014,1,February
1885,2014-02-28,2014,1,February
1886,2014-03-01,2014,1,March
1887,2014-03-02,2014,1,March
1888,2014-03-03,2014,1,March
1889,2014-03-04,2014,1,March
1890,2014-03-05,2014,1,March
1891,2014-03-06,2014,1,March
1892,2014-03-07,2014,1,March
1893,2014-03-08,2014,1,March
1894,2014-03-09,2014,1,March
1895,2014-03-10,2014,1,March
1896,2014-03-11,2014,1,March
1897,2014-03-12,2014,1,March
1898,2014-03-13,2014,1,March
1899,2014-03-14,2014,1,March
1900,2014-03-15,2014,1,March
1901,2014-03-16,2014,1,March
1902,2014-03-17,2014,1,March
1903,2014-03-18,2014,1,March
1904,2014-03-19,2014,1,March
1905,2014-03-20,2014,1,March
1906,2014-03-21,2014,1,March
1907,2014-03-22,2014,1,March
1908,2014-03-23,2014,1,March
1909,2014-03-24,2014,1,March
1910,2014-03-25,2014,1,March
1911,2014-03-26,2014,1,March
1912,2014-03-27,2014,1,March
1913,2014-03-28,2014,1,March
1914,2014-03-29,2014,1,March
1915,2014-03-30,2014,1,March
1916,2014-03-31,2014,1,March
1917,2014-04-01,2014,2,April
1918,2014-04-02,2014,2,April
1919,2014-04-03,2014,2,April
1920,2014-04-04,2014,2,April
1921,2014-04-05,2014,2,April
1922,2014-04-06,2014,2,April
1923,2014-04-07,2014,2,April
1924,2014-04-08,2014,2,April
1925,2014-04-09,2014,2,April
1926,2014-04-10,2014,2,April
1927,2014-04-11,2014,2,April
1928,2014-04-12,2014,2,April
1929,2014-04-13,2014,2,April
1930,2014-04-14,2014,2,April
1931,2014-04-15,2014,2,April
1932,2014-04-16,2014,2,April
1933,2014-04-17,2014,2,April
1934,2014-04-18,2014,2,April
1935,2014-04-19,2014,2,April
1936,2014-04-20,2014,2,April
1937,2014-04-21,2014,2,April
1938,2014-04-22,2014,2,April
1939,2014-04-23,2014,2,April
1940,2014-04-24,2014,2,April
1941,2014-04-25,2014,2,April
1942,2014-04-26,2014,2,April
1943,2014-04-27,2014,2,April
1944,2014-04-28,2014,2,April
1945,2014-04-29,2014,2,April
1946,2014-04-30,2014,2,April
1947,2014-05-01,2014,2,May
1948,2014-05-02,2014,2,May
1949,2014-05-03,2014,2,May
1950,2014-05-04,2014,2,May
1951,2014-05-05,2014,2,May
1952,2014-05-06,2014,2,May
1953,2014-05-07,2014,2,May
1954,2014-05-08,2014,2,May
1955,2014-05-09,2014,2,May
1956,2014-05-10,2014,2,May
1957,2014-05-11,2014,2,May
1958,2014-05-12,2014,2,May
1959,2014-05-13,2014,2,May
1960,2014-05-14,2014,2,May
1961,2014-05-15,2014,2,May
1962,2014-05-16,2014,2,May
1963,2014-05-17,2014,2,May
1964,2014-05-18,2014,2,May
1965,2014-05-19,2014,2,May
1966,2014-05-20,2014,2,May
1967,2014-05-21,2014,2,May
1968,2014-05-22,2014,2,May
1969,2014-05-23,2014,2,May
1970,2014-05-24,2014,2,May
1971,2014-05-25,2014,2,May
1972,2014-05-26,2014,2,May
1973,2014-05-27,2014,2,May
1974,2014-05-28,2014,2,May
1975,2014-05-29,2014,2,May
1976,2014-05-30,2014,2,May
1977,2014-05-31,2014,2,May
1978,2014-06-01,2014,2,June
1979,2014-06-02,2014,2,June
1980,2014-06-03,2014,2,June
1981,2014-06-04,2014,2,June
1982,2014-06-05,2014,2,June
1983,2014-06-06,2014,2,June
1984,2014-06-07,2014,2,June
1985,2014-06-08,2014,2,June
1986,2014-06-09,2014,2,June
1987,2014-06-10,2014,2,June
1988,2014-06-11,2014,2,June
1989,2014-06-12,2014,2,June
1990,2014-06-13,2014,2,June
1991,2014-06-14,2014,2,June
1992,2014-06-15,2014,2,June
1993,2014-06-16,2014,2,June
1994,2014-06-17,2014,2,June
1995,2014-06-18,2014,2,June
1996,2014-06-19,2014,2,June
1997,2014-06-20,2014,2,June
1998,2014-06-21,2014,2,June
1999,2014-06-22,2014,2,June
2000,2014-06-23,2014,2,June
2001,2014-06-24,2014,2,June
2002,2014-06-25,2014,2,June
2003,2014-06-26,2014,2,June
2004,2014-06-27,2014,2,June
2005,2014-06-28,2014,2,June
2006,2014-06-29,2014,2,June
2007,2014-06-30,2014,2,June
2008,2014-07-01,2014,3,July
2009,2014-07-02,2014,3,July
2010,2014-07-03,2014,3,July
2011,2014-07-04,2014,3,July
2012,2014-07-05,2014,3,July
2013,2014-07-06,2014,3,July
2014,2014-07-07,2014,3,July
2015,2014-07-08,2014,3,July
2016,2014-07-09,2014,3,July
2017,2014-07-10,2014,3,July
2018,2014-07-11,2014,3,July
2019,2014-07-12,2014,3,July
2020,2014-07-13,2014,3,July
2021,2014-07-14,2014,3,July
2022,2014-07-15,2014,3,July
2023,2014-07-16,2014,3,July
2024,2014-07-17,2014,3,July
2025,2014-07-18,2014,3,July
2026,2014-07-19,2014,3,July
2027,2014-07-20,2014,3,July
2028,2014-07-21,2014,3,July
2029,2014-07-22,2014,3,July
2030,2014-07-23,2014,3,July
2031,2014-07-24,2014,3,July
2032,2014-07-25,2014,3,July
2033,2014-07-26,2014,3,July
2034,2014-07-27,2014,3,July
2035,2014-07-28,2014,3,July
2036,2014-07-29,2014,3,July
2037,2014-07-30,2014,3,July
2038,2014-07-31,2014,3,July
2039,2014-08-01,2014,3,August
2040,2014-08-02,2014,3,August
2041,2014-08-03,2014,3,August
2042,2014-08-04,2014,3,August
2043,2014-08-05,2014,3,August
2044,2014-08-06,2014,3,August
2045,2014-08-07,2014,3,August
2046,2014-08-08,2014,3,August
2047,2014-08-09,2014,3,August
2048,2014-08-10,2014,3,August
2049,2014-08-11,2014,3,August
2050,2014-08-12,2014,3,August
2051,2014-08-13,2014,3,August
2052,2014-08-14,2014,3,August
2053,2014-08-15,2014,3,August
2054,2014-08-16,2014,3,August
2055,2014-08-17,2014,3,August
2056,2014-08-18,2014,3,August
2057,2014-08-19,2014,3,August
2058,2014-08-20,2014,3,August
2059,2014-08-21,2014,3,August
2060,2014-08-22,2014,3,August
2061,2014-08-23,2014,3,August
2062,2014-08-24,2014,3,August
2063,2014-08-25,2014,3,August
2064,2014-08-26,2014,3,August
2065,2014-08-27,2014,3,August
2066,2014-08-28,2014,3,August
2067,2014-08-29,2014,3,August
2068,2014-08-30,2014,3,August
2069,2014-08-31,2014,3,August
2070,2014-09-01,2014,3,September
2071,2014-09-02,2014,3,September
2072,2014-09-03,2014,3,September
2073,2014-09-04,2014,3,September
2074,2014-09-05,2014,3,September
2075,2014-09-06,2014,3,September
2076,2014-09-07,2014,3,September
2077,2014-09-08,2014,3,September
2078,2014-09-09,2014,3,September
2079,2014-09-10,2014,3,September
2080,2014-09-11,2014,3,September
2081,2014-09-12,2014,3,September
2082,2014-09-13,2014,3,September
2083,2014-09-14,2014,3,September
2084,2014-09-15,2014,3,September
2085,2014-09-16,2014,3,September
2086,2014-09-17,2014,3,September
2087,2014-09-18,2014,3,September
2088,2014-09-19,2014,3,September
2089,2014-09-20,2014,3,September
2090,2014-09-21,2014,3,September
2091,2014-09-22,2014,3,September
2092,2014-09-23,2014,3,September
2093,2014-09-24,2014,3,September
2094,2014-09-25,2014,3,September
2095,2014-09-26,2014,3,September
2096,2014-09-27,2014,3,September
2097,2014-09-28,2014,3,September
2098,2014-09-29,2014,3,September
2099,2014-09-30,2014,3,September
2100,2014-10-01,2014,4,October
2101,2014-10-02,2014,4,October
2102,2014-10-03,2014,4,October
2103,2014-10-04,2014,4,October
2104,2014-10-05,2014,4,October
2105,2014-10-06,2014,4,October
2106,2014-10-07,2014,4,October
2107,2014-10-08,2014,4,October
2108,2014-10-09,2014,4,October
2109,2014-10-10,2014,4,October
2110,2014-10-11,2014,4,October
2111,2014-10-12,2014,4,October
2112,2014-10-13,2014,4,October
2113,2014-10-14,2014,4,October
2114,2014-10-15,2014,4,October
2115,2014-10-16,2014,4,October
2116,2014-10-17,2014,4,October
2117,2014-10-18,2014,4,October
2118,2014-10-19,2014,4,October
2119,2014-10-20,2014,4,October
2120,2014-10-21,2014,4,October
2121,2014-10-22,2014,4,October
2122,2014-10-23,2014,4,October
2123,2014-10-24,2014,4,October
2124,2014-10-25,2014,4,October
2125,2014-10-26,2014,4,October
2126,2014-10-27,2014,4,October
2127,2014-10-28,2014,4,October
2128,2014-10-29,2014,4,October
2129,2014-10-30,2014,4,October
2130,2014-10-31,2014,4,October
2131,2014-11-01,2014,4,November
2132,2014-11-02,2014,4,November
2133,2014-11-03,2014,4,November
2134,2014-11-04,2014,4,November
2135,2014-11-05,2014,4,November
2136,2014-11-06,2014,4,November
2137,2014-11-07,2014,4,November
2138,2014-11-08,2014,4,November
2139,2014-11-09,2014,4,November
2140,2014-11-10,2014,4,November
2141,2014-11-11,2014,4,November
2142,2014-11-12,2014,4,November
2143,2014-11-13,2014,4,November
2144,2014-11-14,2014,4,November
2145,2014-11-15,2014,4,November
2146,2014-11-16,2014,4,November
2147,2014-11-17,2014,4,November
2148,2014-11-18,2014,4,November
2149,2014-11-19,2014,4,November
2150,2014-11-20,2014,4,November
2151,2014-11-21,2014,4,November
2152,2014-11-22,2014,4,November
2153,2014-11-23,2014,4,November
2154,2014-11-24,2014,4,November
2155,2014-11-25,2014,4,November
2156,2014-11-26,2014,4,November
2157,2014-11-27,2014,4,November
2158,2014-11-28,2014,4,November
2159,2014-11-29,2014,4,November
2160,2014-11-30,2014,4,November
2161,2014-12-01,2014,4,December
2162,2014-12-02,2014,4,December
2163,2014-12-03,2014,4,December
2164,2014-12-04,2014,4,December
2165,2014-12-05,2014,4,December
2166,2014-12-06,2014,4,December
2167,2014-12-07,2014,4,December
2168,2014-12-08,2014,4,December
2169,2014-12-09,2014,4,December
2170,2014-12-10,2014,4,December
2171,2014-12-11,2014,4,December
2172,2014-12-12,2014,4,December
2173,2014-12-13,2014,4,December
2174,2014-12-14,2014,4,December
2175,2014-12-15,2014,4,December
2176,2014-12-16,2014,4,December
2177,2014-12-17,2014,4,December
2178,2014-12-18,2014,4,December
2179,2014-12-19,2014,4,December
2180,2014-12-20,2014,4,December
2181,2014-12-21,2014,4,December
2182,2014-12-22,2014,4,December
2183,2014-12-23,2014,4,December
2184,2014-12-24,2014,4,December
2185,2014-12-25,2014,4,December
2186,2014-12-26,2014,4,December
2187,2014-12-27,2014,4,December
2188,2014-12-28,2014,4,December
2189,2014-12-29,2014,4,December
2190,2014-12-30,2014,4,December
2191,2014-12-31,2014,4,December
2192,2015-01-01,2015,1,January
2193,2015-01-02,2015,1,January
2194,2015-01-03,2015,1,January
2195,2015-01-04,2015,1,January
2196,2015-01-05,2015,1,January
2197,2015-01-06,2015,1,January
2198,2015-01-07,2015,1,January
2199,2015-01-08,2015,1,January
2200,2015-01-09,2015,1,January
2201,2015-01-10,2015,1,January
2202,2015-01-11,2015,1,January
2203,2015-01-12,2015,1,January
2204,2015-01-13,2015,1,January
2205,2015-01-14,2015,1,January
2206,2015-01-15,2015,1,January
2207,2015-01-16,2015,1,January
2208,2015-01-17,2015,1,January
2209,2015-01-18,2015,1,January
2210,2015-01-19,2015,1,January
2211,2015-01-20,2015,1,January
2212,2015-01-21,2015,1,January
2213,2015-01-22,2015,1,January
2214,2015-01-23,2015,1,January
2215,2015-01-24,2015,1,January
2216,2015-01-25,2015,1,January
2217,2015-01-26,2015,1,January
2218,2015-01-27,2015,1,January
2219,2015-01-28,2015,1,January
2220,2015-01-29,2015,1,January
2221,2015-01-30,2015,1,January
2222,2015-01-31,2015,1,January
2223,2015-02-01,2015,1,February
2224,2015-02-02,2015,1,February
2225,2015-02-03,2015,1,February
2226,2015-02-04,2015,1,February
2227,2015-02-05,2015,1,February
2228,2015-02-06,2015,1,February
2229,2015-02-07,2015,1,February
2230,2015-02-08,2015,1,February
2231,2015-02-09,2015,1,February
2232,2015-02-10,2015,1,February
2233,2015-02-11,2015,1,February
2234,2015-02-12,2015,1,February
2235,2015-02-13,2015,1,February
2236,2015-02-14,2015,1,February
2237,2015-02-15,2015,1,February
2238,2015-02-16,2015,1,February
2239,2015-02-17,2015,1,February
2240,2015-02-18,2015,1,February
2241,2015-02-19,2015,1,February
2242,2015-02-20,2015,1,February
2243,2015-02-21,2015,1,February
2244,2015-02-22,2015,1,February
2245,2015-02-23,2015,1,February
2246,2015-02-24,2015,1,February
2247,2015-02-25,2015,1,February
2248,2015-02-26,2015,1,February
2249,2015-02-27,2015,1,February
2250,2015-02-28,2015,1,February
2251,2015-03-01,2015,1,March
2252,2015-03-02,2015,1,March
2253,2015-03-03,2015,1,March
2254,2015-03-04,2015,1,March
2255,2015-03-05,2015,1,March
2256,2015-03-06,2015,1,March
2257,2015-03-07,2015,1,March
2258,2015-03-08,2015,1,March
2259,2015-03-09,2015,1,March
2260,2015-03-10,2015,1,March
2261,2015-03-11,2015,1,March
2262,2015-03-12,2015,1,March
2263,2015-03-13,2015,1,March
2264,2015-03-14,2015,1,March
2265,2015-03-15,2015,1,March
2266,2015-03-16,2015,1,March
2267,2015-03-17,2015,1,March
2268,2015-03-18,2015,1,March
2269,2015-03-19,2015,1,March
2270,2015-03-20,2015,1,March
2271,2015-03-21,2015,1,March
2272,2015-03-22,2015,1,March
2273,2015-03-23,2015,1,March
2274,2015-03-24,2015,1,March
2275,2015-03-25,2015,1,March
2276,2015-03-26,2015,1,March
2277,2015-03-27,2015,1,March
2278,2015-03-28,2015,1,March
2279,2015-03-29,2015,1,March
2280,2015-03-30,2015,1,March
2281,2015-03-31,2015,1,March
2282,2015-04-01,2015,2,April
2283,2015-04-02,2015,2,April
2284,2015-04-03,2015,2,April
2285,2015-04-04,2015,2,April
2286,2015-04-05,2015,2,April
2287,2015-04-06,2015,2,April
2288,2015-04-07,2015,2,April
2289,2015-04-08,2015,2,April
2290,2015-04-09,2015,2,April
2291,2015-04-10,2015,2,April
2292,2015-04-11,2015,2,April
2293,2015-04-12,2015,2,April
2294,2015-04-13,2015,2,April
2295,2015-04-14,2015,2,April
2296,2015-04-15,2015,2,April
2297,2015-04-16,2015,2,April
2298,2015-04-17,2015,2,April
2299,2015-04-18,2015,2,April
2300,2015-04-19,2015,2,April
2301,2015-04-20,2015,2,April
2302,2015-04-21,2015,2,April
2303,2015-04-22,2015,2,April
2304,2015-04-23,2015,2,April
2305,2015-04-24,2015,2,April
2306,2015-04-25,2015,2,April
2307,2015-04-26,2015,2,April
2308,2015-04-27,2015,2,April
2309,2015-04-28,2015,2,April
2310,2015-04-29,2015,2,April
2311,2015-04-30,2015,2,April
2312,2015-05-01,2015,2,May
2313,2015-05-02,2015,2,May
2314,2015-05-03,2015,2,May
2315,2015-05-04,2015,2,May
2316,2015-05-05,2015,2,May
2317,2015-05-06,2015,2,May
2318,2015-05-07,2015,2,May
2319,2015-05-08,2015,2,May
2320,2015-05-09,2015,2,May
2321,2015-05-10,2015,2,May
2322,2015-05-11,2015,2,May
2323,2015-05-12,2015,2,May
2324,2015-05-13,2015,2,May
2325,2015-05-14,2015,2,May
2326,2015-05-15,2015,2,May
2327,2015-05-16,2015,2,May
2328,2015-05-17,2015,2,May
2329,2015-05-18,2015,2,May
2330,2015-05-19,2015,2,May
2331,2015-05-20,2015,2,May
2332,2015-05-21,2015,2,May
2333,2015-05-22,2015,2,May
2334,2015-05-23,2015,2,May
2335,2015-05-24,2015,2,May
2336,2015-05-25,2015,2,May
2337,2015-05-26,2015,2,May
2338,2015-05-27,2015,2,May
2339,2015-05-28,2015,2,May
2340,2015-05-29,2015,2,May
2341,2015-05-30,2015,2,May
2342,2015-05-31,2015,2,May
2343,2015-06-01,2015,2,June
2344,2015-06-02,2015,2,June
2345,2015-06-03,2015,2,June
2346,2015-06-04,2015,2,June
2347,2015-06-05,2015,2,June
2348,2015-06-06,2015,2,June
2349,2015-06-07,2015,2,June
2350,2015-06-08,2015,2,June
2351,2015-06-09,2015,2,June
2352,2015-06-10,2015,2,June
2353,2015-06-11,2015,2,June
2354,2015-06-12,2015,2,June
2355,2015-06-13,2015,2,June
2356,2015-06-14,2015,2,June
2357,2015-06-15,2015,2,June
2358,2015-06-16,2015,2,June
2359,2015-06-17,2015,2,June
2360,2015-06-18,2015,2,June
2361,2015-06-19,2015,2,June
2362,2015-06-20,2015,2,June
2363,2015-06-21,2015,2,June
2364,2015-06-22,2015,2,June
2365,2015-06-23,2015,2,June
2366,2015-06-24,2015,2,June
2367,2015-06-25,2015,2,June
2368,2015-06-26,2015,2,June
2369,2015-06-27,2015,2,June
2370,2015-06-28,2015,2,June
2371,2015-06-29,2015,2,June
2372,2015-06-30,2015,2,June
2373,2015-07-01,2015,3,July
2374,2015-07-02,2015,3,July
2375,2015-07-03,2015,3,July
2376,2015-07-04,2015,3,July
2377,2015-07-05,2015,3,July
2378,2015-07-06,2015,3,July
2379,2015-07-07,2015,3,July
2380,2015-07-08,2015,3,July
2381,2015-07-09,2015,3,July
2382,2015-07-10,2015,3,July
2383,2015-07-11,2015,3,July
2384,2015-07-12,2015,3,July
2385,2015-07-13,2015,3,July
2386,2015-07-14,2015,3,July
2387,2015-07-15,2015,3,July
2388,2015-07-16,2015,3,July
2389,2015-07-17,2015,3,July
2390,2015-07-18,2015,3,July
2391,2015-07-19,2015,3,July
2392,2015-07-20,2015,3,July
2393,2015-07-21,2015,3,July
2394,2015-07-22,2015,3,July
2395,2015-07-23,2015,3,July
2396,2015-07-24,2015,3,July
2397,2015-07-25,2015,3,July
2398,2015-07-26,2015,3,July
2399,2015-07-27,2015,3,July
2400,2015-07-28,2015,3,July
2401,2015-07-29,2015,3,July
2402,2015-07-30,2015,3,July
2403,2015-07-31,2015,3,July
2404,2015-08-01,2015,3,August
2405,2015-08-02,2015,3,August
2406,2015-08-03,2015,3,August
2407,2015-08-04,2015,3,August
2408,2015-08-05,2015,3,August
2409,2015-08-06,2015,3,August
2410,2015-08-07,2015,3,August
2411,2015-08-08,2015,3,August
2412,2015-08-09,2015,3,August
2413,2015-08-10,2015,3,August
2414,2015-08-11,2015,3,August
2415,2015-08-12,2015,3,August
2416,2015-08-13,2015,3,August
2417,2015-08-14,2015,3,August
2418,2015-08-15,2015,3,August
2419,2015-08-16,2015,3,August
2420,2015-08-17,2015,3,August
2421,2015-08-18,2015,3,August
2422,2015-08-19,2015,3,August
2423,2015-08-20,2015,3,August
2424,2015-08-21,2015,3,August
2425,2015-08-22,2015,3,August
2426,2015-08-23,2015,3,August
2427,2015-08-24,2015,3,August
2428,2015-08-25,2015,3,August
2429,2015-08-26,2015,3,August
2430,2015-08-27,2015,3,August
2431,2015-08-28,2015,3,August
2432,2015-08-29,2015,3,August
2433,2015-08-30,2015,3,August
2434,2015-08-31,2015,3,August
2435,2015-09-01,2015,3,September
2436,2015-09-02,2015,3,September
2437,2015-09-03,2015,3,September
2438,2015-09-04,2015,3,September
2439,2015-09-05,2015,3,September
2440,2015-09-06,2015,3,September
2441,2015-09-07,2015,3,September
2442,2015-09-08,2015,3,September
2443,2015-09-09,2015,3,September
2444,2015-09-10,2015,3,September
2445,2015-09-11,2015,3,September
2446,2015-09-12,2015,3,September
2447,2015-09-13,2015,3,September
2448,2015-09-14,2015,3,September
2449,2015-09-15,2015,3,September
2450,2015-09-16,2015,3,September
2451,2015-09-17,2015,3,September
2452,2015-09-18,2015,3,September
2453,2015-09-19,2015,3,September
2454,2015-09-20,2015,3,September
2455,2015-09-21,2015,3,September
2456,2015-09-22,2015,3,September
2457,2015-09-23,2015,3,September
2458,2015-09-24,2015,3,September
2459,2015-09-25,2015,3,September
2460,2015-09-26,2015,3,September
2461,2015-09-27,2015,3,September
2462,2015-09-28,2015,3,September
2463,2015-09-29,2015,3,September
2464,2015-09-30,2015,3,September
2465,2015-10-01,2015,4,October
2466,2015-10-02,2015,4,October
2467,2015-10-03,2015,4,October
2468,2015-10-04,2015,4,October
2469,2015-10-05,2015,4,October
2470,2015-10-06,2015,4,October
2471,2015-10-07,2015,4,October
2472,2015-10-08,2015,4,October
2473,2015-10-09,2015,4,October
2474,2015-10-10,2015,4,October
2475,2015-10-11,2015,4,October
2476,2015-10-12,2015,4,October
2477,2015-10-13,2015,4,October
2478,2015-10-14,2015,4,October
2479,2015-10-15,2015,4,October
2480,2015-10-16,2015,4,October
2481,2015-10-17,2015,4,October
2482,2015-10-18,2015,4,October
2483,2015-10-19,2015,4,October
2484,2015-10-20,2015,4,October
2485,2015-10-21,2015,4,October
2486,2015-10-22,2015,4,October
2487,2015-10-23,2015,4,October
2488,2015-10-24,2015,4,October
2489,2015-10-25,2015,4,October
2490,2015-10-26,2015,4,October
2491,2015-10-27,2015,4,October
2492,2015-10-28,2015,4,October
2493,2015-10-29,2015,4,October
2494,2015-10-30,2015,4,October
2495,2015-10-31,2015,4,October
2496,2015-11-01,2015,4,November
2497,2015-11-02,2015,4,November
2498,2015-11-03,2015,4,November
2499,2015-11-04,2015,4,November
2500,2015-11-05,2015,4,November
2501,2015-11-06,2015,4,November
2502,2015-11-07,2015,4,November
2503,2015-11-08,2015,4,November
2504,2015-11-09,2015,4,November
2505,2015-11-10,2015,4,November
2506,2015-11-11,2015,4,November
2507,2015-11-12,2015,4,November
2508,2015-11-13,2015,4,November
2509,2015-11-14,2015,4,November
2510,2015-11-15,2015,4,November
2511,2015-11-16,2015,4,November
2512,2015-11-17,2015,4,November
2513,2015-11-18,2015,4,November
2514,2015-11-19,2015,4,November
2515,2015-11-20,2015,4,November
2516,2015-11-21,2015,4,November
2517,2015-11-22,2015,4,November
2518,2015-11-23,2015,4,November
2519,2015-11-24,2015,4,November
2520,2015-11-25,2015,4,November
2521,2015-11-26,2015,4,November
2522,2015-11-27,2015,4,November
2523,2015-11-28,2015,4,November
2524,2015-11-29,2015,4,November
2525,2015-11-30,2015,4,November
2526,2015-12-01,2015,4,December
2527,2015-12-02,2015,4,December
2528,2015-12-03,2015,4,December
2529,2015-12-04,2015,4,December
2530,2015-12-05,2015,4,December
2531,2015-12-06,2015,4,December
2532,2015-12-07,2015,4,December
2533,2015-12-08,2015,4,December
2534,2015-12-09,2015,4,December
2535,2015-12-10,2015,4,December
2536,2015-12-11,2015,4,December
2537,2015-12-12,2015,4,December
2538,2015-12-13,2015,4,December
2539,2015-12-14,2015,4,December
2540,2015-12-15,2015,4,December
2541,2015-12-16,2015,4,December
2542,2015-12-17,2015,4,December
2543,2015-12-18,2015,4,December
2544,2015-12-19,2015,4,December
2545,2015-12-20,2015,4,December
2546,2015-12-21,2015,4,December
2547,2015-12-22,2015,4,December
2548,2015-12-23,2015,4,December
2549,2015-12-24,2015,4,December
2550,2015-12-25,2015,4,December
2551,2015-12-26,2015,4,December
2552,2015-12-27,2015,4,December
2553,2015-12-28,2015,4,December
2554,2015-12-29,2015,4,December
2555,2015-12-30,2015,4,December
2556,2015-12-31,2015,4,December
2557,2016-01-01,2016,1,January
2558,2016-01-02,2016,1,January
2559,2016-01-03,2016,1,January
2560,2016-01-04,2016,1,January
2561,2016-01-05,2016,1,January
2562,2016-01-06,2016,1,January
2563,2016-01-07,2016,1,January
2564,2016-01-08,2016,1,January
2565,2016-01-09,2016,1,January
2566,2016-01-10,2016,1,January
2567,2016-01-11,2016,1,January
2568,2016-01-12,2016,1,January
2569,2016-01-13,2016,1,January
2570,2016-01-14,2016,1,January
2571,2016-01-15,2016,1,January
2572,2016-01-16,2016,1,January
2573,2016-01-17,2016,1,January
2574,2016-01-18,2016,1,January
2575,2016-01-19,2016,1,January
2576,2016-01-20,2016,1,January
2577,2016-01-21,2016,1,January
2578,2016-01-22,2016,1,January
2579,2016-01-23,2016,1,January
2580,2016-01-24,2016,1,January
2581,2016-01-25,2016,1,January
2582,2016-01-26,2016,1,January
2583,2016-01-27,2016,1,January
2584,2016-01-28,2016,1,January
2585,2016-01-29,2016,1,January
2586,2016-01-30,2016,1,January
2587,2016-01-31,2016,1,January
2588,2016-02-01,2016,1,February
2589,2016-02-02,2016,1,February
2590,2016-02-03,2016,1,February
2591,2016-02-04,2016,1,February
2592,2016-02-05,2016,1,February
2593,2016-02-06,2016,1,February
2594,2016-02-07,2016,1,February
2595,2016-02-08,2016,1,February
2596,2016-02-09,2016,1,February
2597,2016-02-10,2016,1,February
2598,2016-02-11,2016,1,February
2599,2016-02-12,2016,1,February
2600,2016-02-13,2016,1,February
2601,2016-02-14,2016,1,February
2602,2016-02-15,2016,1,February
2603,2016-02-16,2016,1,February
2604,2016-02-17,2016,1,February
2605,2016-02-18,2016,1,February
2606,2016-02-19,2016,1,February
2607,2016-02-20,2016,1,February
2608,2016-02-21,2016,1,February
2609,2016-02-22,2016,1,February
2610,2016-02-23,2016,1,February
2611,2016-02-24,2016,1,February
2612,2016-02-25,2016,1,February
2613,2016-02-26,2016,1,February
2614,2016-02-27,2016,1,February
2615,2016-02-28,2016,1,February
2616,2016-02-29,2016,1,February
2617,2016-03-01,2016,1,March
2618,2016-03-02,2016,1,March
2619,2016-03-03,2016,1,March
2620,2016-03-04,2016,1,March
2621,2016-03-05,2016,1,March
2622,2016-03-06,2016,1,March
2623,2016-03-07,2016,1,March
2624,2016-03-08,2016,1,March
2625,2016-03-09,2016,1,March
2626,2016-03-10,2016,1,March
2627,2016-03-11,2016,1,March
2628,2016-03-12,2016,1,March
2629,2016-03-13,2016,1,March
2630,2016-03-14,2016,1,March
2631,2016-03-15,2016,1,March
2632,2016-03-16,2016,1,March
2633,2016-03-17,2016,1,March
2634,2016-03-18,2016,1,March
2635,2016-03-19,2016,1,March
2636,2016-03-20,2016,1,March
2637,2016-03-21,2016,1,March
2638,2016-03-22,2016,1,March
2639,2016-03-23,2016,1,March
2640,2016-03-24,2016,1,March
2641,2016-03-25,2016,1,March
2642,2016-03-26,2016,1,March
2643,2016-03-27,2016,1,March
2644,2016-03-28,2016,1,March
2645,2016-03-29,2016,1,March
2646,2016-03-30,2016,1,March
2647,2016-03-31,2016,1,March
2648,2016-04-01,2016,2,April
2649,2016-04-02,2016,2,April
2650,2016-04-03,2016,2,April
2651,2016-04-04,2016,2,April
2652,2016-04-05,2016,2,April
2653,2016-04-06,2016,2,April
2654,2016-04-07,2016,2,April
2655,2016-04-08,2016,2,April
2656,2016-04-09,2016,2,April
2657,2016-04-10,2016,2,April
2658,2016-04-11,2016,2,April
2659,2016-04-12,2016,2,April
2660,2016-04-13,2016,2,April
2661,2016-04-14,2016,2,April
2662,2016-04-15,2016,2,April
2663,2016-04-16,2016,2,April
2664,2016-04-17,2016,2,April
2665,2016-04-18,2016,2,April
2666,2016-04-19,2016,2,April
2667,2016-04-20,2016,2,April
2668,2016-04-21,2016,2,April
2669,2016-04-22,2016,2,April
2670,2016-04-23,2016,2,April
2671,2016-04-24,2016,2,April
2672,2016-04-25,2016,2,April
2673,2016-04-26,2016,2,April
2674,2016-04-27,2016,2,April
2675,2016-04-28,2016,2,April
2676,2016-04-29,2016,2,April
2677,2016-04-30,2016,2,April
2678,2016-05-01,2016,2,May
2679,2016-05-02,2016,2,May
2680,2016-05-03,2016,2,May
2681,2016-05-04,2016,2,May
2682,2016-05-05,2016,2,May
2683,2016-05-06,2016,2,May
2684,2016-05-07,2016,2,May
2685,2016-05-08,2016,2,May
2686,2016-05-09,2016,2,May
2687,2016-05-10,2016,2,May
2688,2016-05-11,2016,2,May
2689,2016-05-12,2016,2,May
2690,2016-05-13,2016,2,May
2691,2016-05-14,2016,2,May
2692,2016-05-15,2016,2,May
2693,2016-05-16,2016,2,May
2694,2016-05-17,2016,2,May
2695,2016-05-18,2016,2,May
2696,2016-05-19,2016,2,May
2697,2016-05-20,2016,2,May
2698,2016-05-21,2016,2,May
2699,2016-05-22,2016,2,May
2700,2016-05-23,2016,2,May
2701,2016-05-24,2016,2,May
2702,2016-05-25,2016,2,May
2703,2016-05-26,2016,2,May
2704,2016-05-27,2016,2,May
2705,2016-05-28,2016,2,May
2706,2016-05-29,2016,2,May
2707,2016-05-30,2016,2,May
2708,2016-05-31,2016,2,May
2709,2016-06-01,2016,2,June
2710,2016-06-02,2016,2,June
2711,2016-06-03,2016,2,June
2712,2016-06-04,2016,2,June
2713,2016-06-05,2016,2,June
2714,2016-06-06,2016,2,June
2715,2016-06-07,2016,2,June
2716,2016-06-08,2016,2,June
2717,2016-06-09,2016,2,June
2718,2016-06-10,2016,2,June
2719,2016-06-11,2016,2,June
2720,2016-06-12,2016,2,June
2721,2016-06-13,2016,2,June
2722,2016-06-14,2016,2,June
2723,2016-06-15,2016,2,June
2724,2016-06-16,2016,2,June
2725,2016-06-17,2016,2,June
2726,2016-06-18,2016,2,June
2727,2016-06-19,2016,2,June
2728,2016-06-20,2016,2,June
2729,2016-06-21,2016,2,June
2730,2016-06-22,2016,2,June
2731,2016-06-23,2016,2,June
2732,2016-06-24,2016,2,June
2733,2016-06-25,2016,2,June
2734,2016-06-26,2016,2,June
2735,2016-06-27,2016,2,June
2736,2016-06-28,2016,2,June
2737,2016-06-29,2016,2,June
2738,2016-06-30,2016,2,June
2739,2016-07-01,2016,3,July
2740,2016-07-02,2016,3,July
2741,2016-07-03,2016,3,July
2742,2016-07-04,2016,3,July
2743,2016-07-05,2016,3,July
2744,2016-07-06,2016,3,July
2745,2016-07-07,2016,3,July
2746,2016-07-08,2016,3,July
2747,2016-07-09,2016,3,July
2748,2016-07-10,2016,3,July
2749,2016-07-11,2016,3,July
2750,2016-07-12,2016,3,July
2751,2016-07-13,2016,3,July
2752,2016-07-14,2016,3,July
2753,2016-07-15,2016,3,July
2754,2016-07-16,2016,3,July
2755,2016-07-17,2016,3,July
2756,2016-07-18,2016,3,July
2757,2016-07-19,2016,3,July
2758,2016-07-20,2016,3,July
2759,2016-07-21,2016,3,July
2760,2016-07-22,2016,3,July
2761,2016-07-23,2016,3,July
2762,2016-07-24,2016,3,July
2763,2016-07-25,2016,3,July
2764,2016-07-26,2016,3,July
2765,2016-07-27,2016,3,July
2766,2016-07-28,2016,3,July
2767,2016-07-29,2016,3,July
2768,2016-07-30,2016,3,July
2769,2016-07-31,2016,3,July
2770,2016-08-01,2016,3,August
2771,2016-08-02,2016,3,August
2772,2016-08-03,2016,3,August
2773,2016-08-04,2016,3,August
2774,2016-08-05,2016,3,August
2775,2016-08-06,2016,3,August
2776,2016-08-07,2016,3,August
2777,2016-08-08,2016,3,August
2778,2016-08-09,2016,3,August
2779,2016-08-10,2016,3,August
2780,2016-08-11,2016,3,August
2781,2016-08-12,2016,3,August
2782,2016-08-13,2016,3,August
2783,2016-08-14,2016,3,August
2784,2016-08-15,2016,3,August
2785,2016-08-16,2016,3,August
2786,2016-08-17,2016,3,August
2787,2016-08-18,2016,3,August
2788,2016-08-19,2016,3,August
2789,2016-08-20,2016,3,August
2790,2016-08-21,2016,3,August
2791,2016-08-22,2016,3,August
2792,2016-08-23,2016,3,August
2793,2016-08-24,2016,3,August
2794,2016-08-25,2016,3,August
2795,2016-08-26,2016,3,August
2796,2016-08-27,2016,3,August
2797,2016-08-28,2016,3,August
2798,2016-08-29,2016,3,August
2799,2016-08-30,2016,3,August
2800,2016-08-31,2016,3,August
2801,2016-09-01,2016,3,September
2802,2016-09-02,2016,3,September
2803,2016-09-03,2016,3,September
2804,2016-09-04,2016,3,September
2805,2016-09-05,2016,3,September
2806,2016-09-06,2016,3,September
2807,2016-09-07,2016,3,September
2808,2016-09-08,2016,3,September
2809,2016-09-09,2016,3,September
2810,2016-09-10,2016,3,September
2811,2016-09-11,2016,3,September
2812,2016-09-12,2016,3,September
2813,2016-09-13,2016,3,September
2814,2016-09-14,2016,3,September
2815,2016-09-15,2016,3,September
2816,2016-09-16,2016,3,September
2817,2016-09-17,2016,3,September
2818,2016-09-18,2016,3,September
2819,2016-09-19,2016,3,September
2820,2016-09-20,2016,3,September
2821,2016-09-21,2016,3,September
2822,2016-09-22,2016,3,September
2823,2016-09-23,2016,3,September
2824,2016-09-24,2016,3,September
2825,2016-09-25,2016,3,September
2826,2016-09-26,2016,3,September
2827,2016-09-27,2016,3,September
2828,2016-09-28,2016,3,September
2829,2016-09-29,2016,3,September
2830,2016-09-30,2016,3,September
2831,2016-10-01,2016,4,October
2832,2016-10-02,2016,4,October
2833,2016-10-03,2016,4,October
2834,2016-10-04,2016,4,October
2835,2016-10-05,2016,4,October
2836,2016-10-06,2016,4,October
2837,2016-10-07,2016,4,October
2838,2016-10-08,2016,4,October
2839,2016-10-09,2016,4,October
2840,2016-10-10,2016,4,October
2841,2016-10-11,2016,4,October
2842,2016-10-12,2016,4,October
2843,2016-10-13,2016,4,October
2844,2016-10-14,2016,4,October
2845,2016-10-15,2016,4,October
2846,2016-10-16,2016,4,October
2847,2016-10-17,2016,4,October
2848,2016-10-18,2016,4,October
2849,2016-10-19,2016,4,October
2850,2016-10-20,2016,4,October
2851,2016-10-21,2016,4,October
2852,2016-10-22,2016,4,October
2853,2016-10-23,2016,4,October
2854,2016-10-24,2016,4,October
2855,2016-10-25,2016,4,October
2856,2016-10-26,2016,4,October
2857,2016-10-27,2016,4,October
2858,2016-10-28,2016,4,October
2859,2016-10-29,2016,4,October
2860,2016-10-30,2016,4,October
2861,2016-10-31,2016,4,October
2862,2016-11-01,2016,4,November
2863,2016-11-02,2016,4,November
2864,2016-11-03,2016,4,November
2865,2016-11-04,2016,4,November
2866,2016-11-05,2016,4,November
2867,2016-11-06,2016,4,November
2868,2016-11-07,2016,4,November
2869,2016-11-08,2016,4,November
2870,2016-11-09,2016,4,November
2871,2016-11-10,2016,4,November
2872,2016-11-11,2016,4,November
2873,2016-11-12,2016,4,November
2874,2016-11-13,2016,4,November
2875,2016-11-14,2016,4,November
2876,2016-11-15,2016,4,November
2877,2016-11-16,2016,4,November
2878,2016-11-17,2016,4,November
2879,2016-11-18,2016,4,November
2880,2016-11-19,2016,4,November
2881,2016-11-20,2016,4,November
2882,2016-11-21,2016,4,November
2883,2016-11-22,2016,4,November
2884,2016-11-23,2016,4,November
2885,2016-11-24,2016,4,November
2886,2016-11-25,2016,4,November
2887,2016-11-26,2016,4,November
2888,2016-11-27,2016,4,November
2889,2016-11-28,2016,4,November
2890,2016-11-29,2016,4,November
2891,2016-11-30,2016,4,November
2892,2016-12-01,2016,4,December
2893,2016-12-02,2016,4,December
2894,2016-12-03,2016,4,December
2895,2016-12-04,2016,4,December
2896,2016-12-05,2016,4,December
2897,2016-12-06,2016,4,December
2898,2016-12-07,2016,4,December
2899,2016-12-08,2016,4,December
2900,2016-12-09,2016,4,December
2901,2016-12-10,2016,4,December
2902,2016-12-11,2016,4,December
2903,2016-12-12,2016,4,December
2904,2016-12-13,2016,4,December
2905,2016-12-14,2016,4,December
2906,2016-12-15,2016,4,December
2907,2016-12-16,2016,4,December
2908,2016-12-17,2016,4,December
2909,2016-12-18,2016,4,December
2910,2016-12-19,2016,4,December
2911,2016-12-20,2016,4,December
2912,2016-12-21,2016,4,December
2913,2016-12-22,2016,4,December
2914,2016-12-23,2016,4,December
2915,2016-12-24,2016,4,December
2916,2016-12-25,2016,4,December
2917,2016-12-26,2016,4,December
2918,2016-12-27,2016,4,December
2919,2016-12-28,2016,4,December
2920,2016-12-29,2016,4,December
2921,2016-12-30,2016,4,December
2922,2016-12-31,2016,4,December
2923,2017-01-01,2017,1,January
2924,2017-01-02,2017,1,January
2925,2017-01-03,2017,1,January
2926,2017-01-04,2017,1,January
2927,2017-01-05,2017,1,January
2928,2017-01-06,2017,1,January
2929,2017-01-07,2017,1,January
2930,2017-01-08,2017,1,January
2931,2017-01-09,2017,1,January
2932,2017-01-10,2017,1,January
2933,2017-01-11,2017,1,January
2934,2017-01-12,2017,1,January
2935,2017-01-13,2017,1,January
2936,2017-01-14,2017,1,January
2937,2017-01-15,2017,1,January
2938,2017-01-16,2017,1,January
2939,2017-01-17,2017,1,January
2940,2017-01-18,2017,1,January
2941,2017-01-19,2017,1,January
2942,2017-01-20,2017,1,January
2943,2017-01-21,2017,1,January
2944,2017-01-22,2017,1,January
2945,2017-01-23,2017,1,January
2946,2017-01-24,2017,1,January
2947,2017-01-25,2017,1,January
2948,2017-01-26,2017,1,January
2949,2017-01-27,2017,1,January
2950,2017-01-28,2017,1,January
2951,2017-01-29,2017,1,January
2952,2017-01-30,2017,1,January
2953,2017-01-31,2017,1,January
2954,2017-02-01,2017,1,February
2955,2017-02-02,2017,1,February
2956,2017-02-03,2017,1,February
2957,2017-02-04,2017,1,February
2958,2017-02-05,2017,1,February
2959,2017-02-06,2017,1,February
2960,2017-02-07,2017,1,February
2961,2017-02-08,2017,1,February
2962,2017-02-09,2017,1,February
2963,2017-02-10,2017,1,February
2964,2017-02-11,2017,1,February
2965,2017-02-12,2017,1,February
2966,2017-02-13,2017,1,February
2967,2017-02-14,2017,1,February
2968,2017-02-15,2017,1,February
2969,2017-02-16,2017,1,February
2970,2017-02-17,2017,1,February
2971,2017-02-18,2017,1,February
2972,2017-02-19,2017,1,February
2973,2017-02-20,2017,1,February
2974,2017-02-21,2017,1,February
2975,2017-02-22,2017,1,February
2976,2017-02-23,2017,1,February
2977,2017-02-24,2017,1,February
2978,2017-02-25,2017,1,February
2979,2017-02-26,2017,1,February
2980,2017-02-27,2017,1,February
2981,2017-02-28,2017,1,February
2982,2017-03-01,2017,1,March
2983,2017-03-02,2017,1,March
2984,2017-03-03,2017,1,March
2985,2017-03-04,2017,1,March
2986,2017-03-05,2017,1,March
2987,2017-03-06,2017,1,March
2988,2017-03-07,2017,1,March
2989,2017-03-08,2017,1,March
2990,2017-03-09,2017,1,March
2991,2017-03-10,2017,1,March
2992,2017-03-11,2017,1,March
2993,2017-03-12,2017,1,March
2994,2017-03-13,2017,1,March
2995,2017-03-14,2017,1,March
2996,2017-03-15,2017,1,March
2997,2017-03-16,2017,1,March
2998,2017-03-17,2017,1,March
2999,2017-03-18,2017,1,March
3000,2017-03-19,2017,1,March
3001,2017-03-20,2017,1,March
3002,2017-03-21,2017,1,March
3003,2017-03-22,2017,1,March
3004,2017-03-23,2017,1,March
3005,2017-03-24,2017,1,March
3006,2017-03-25,2017,1,March
3007,2017-03-26,2017,1,March
3008,2017-03-27,2017,1,March
3009,2017-03-28,2017,1,March
3010,2017-03-29,2017,1,March
3011,2017-03-30,2017,1,March
3012,2017-03-31,2017,1,March
3013,2017-04-01,2017,2,April
3014,2017-04-02,2017,2,April
3015,2017-04-03,2017,2,April
3016,2017-04-04,2017,2,April
3017,2017-04-05,2017,2,April
3018,2017-04-06,2017,2,April
3019,2017-04-07,2017,2,April
3020,2017-04-08,2017,2,April
3021,2017-04-09,2017,2,April
3022,2017-04-10,2017,2,April
3023,2017-04-11,2017,2,April
3024,2017-04-12,2017,2,April
3025,2017-04-13,2017,2,April
3026,2017-04-14,2017,2,April
3027,2017-04-15,2017,2,April
3028,2017-04-16,2017,2,April
3029,2017-04-17,2017,2,April
3030,2017-04-18,2017,2,April
3031,2017-04-19,2017,2,April
3032,2017-04-20,2017,2,April
3033,2017-04-21,2017,2,April
3034,2017-04-22,2017,2,April
3035,2017-04-23,2017,2,April
3036,2017-04-24,2017,2,April
3037,2017-04-25,2017,2,April
3038,2017-04-26,2017,2,April
3039,2017-04-27,2017,2,April
3040,2017-04-28,2017,2,April
3041,2017-04-29,2017,2,April
3042,2017-04-30,2017,2,April
3043,2017-05-01,2017,2,May
3044,2017-05-02,2017,2,May
3045,2017-05-03,2017,2,May
3046,2017-05-04,2017,2,May
3047,2017-05-05,2017,2,May
3048,2017-05-06,2017,2,May
3049,2017-05-07,2017,2,May
3050,2017-05-08,2017,2,May
3051,2017-05-09,2017,2,May
3052,2017-05-10,2017,2,May
3053,2017-05-11,2017,2,May
3054,2017-05-12,2017,2,May
3055,2017-05-13,2017,2,May
3056,2017-05-14,2017,2,May
3057,2017-05-15,2017,2,May
3058,2017-05-16,2017,2,May
3059,2017-05-17,2017,2,May
3060,2017-05-18,2017,2,May
3061,2017-05-19,2017,2,May
3062,2017-05-20,2017,2,May
3063,2017-05-21,2017,2,May
3064,2017-05-22,2017,2,May
3065,2017-05-23,2017,2,May
3066,2017-05-24,2017,2,May
3067,2017-05-25,2017,2,May
3068,2017-05-26,2017,2,May
3069,2017-05-27,2017,2,May
3070,2017-05-28,2017,2,May
3071,2017-05-29,2017,2,May
3072,2017-05-30,2017,2,May
3073,2017-05-31,2017,2,May
3074,2017-06-01,2017,2,June
3075,2017-06-02,2017,2,June
3076,2017-06-03,2017,2,June
3077,2017-06-04,2017,2,June
3078,2017-06-05,2017,2,June
3079,2017-06-06,2017,2,June
3080,2017-06-07,2017,2,June
3081,2017-06-08,2017,2,June
3082,2017-06-09,2017,2,June
3083,2017-06-10,2017,2,June
3084,2017-06-11,2017,2,June
3085,2017-06-12,2017,2,June
3086,2017-06-13,2017,2,June
3087,2017-06-14,2017,2,June
3088,2017-06-15,2017,2,June
3089,2017-06-16,2017,2,June
3090,2017-06-17,2017,2,June
3091,2017-06-18,2017,2,June
3092,2017-06-19,2017,2,June
3093,2017-06-20,2017,2,June
3094,2017-06-21,2017,2,June
3095,2017-06-22,2017,2,June
3096,2017-06-23,2017,2,June
3097,2017-06-24,2017,2,June
3098,2017-06-25,2017,2,June
3099,2017-06-26,2017,2,June
3100,2017-06-27,2017,2,June
3101,2017-06-28,2017,2,June
3102,2017-06-29,2017,2,June
3103,2017-06-30,2017,2,June
3104,2017-07-01,2017,3,July
3105,2017-07-02,2017,3,July
3106,2017-07-03,2017,3,July
3107,2017-07-04,2017,3,July
3108,2017-07-05,2017,3,July
3109,2017-07-06,2017,3,July
3110,2017-07-07,2017,3,July
3111,2017-07-08,2017,3,July
3112,2017-07-09,2017,3,July
3113,2017-07-10,2017,3,July
3114,2017-07-11,2017,3,July
3115,2017-07-12,2017,3,July
3116,2017-07-13,2017,3,July
3117,2017-07-14,2017,3,July
3118,2017-07-15,2017,3,July
3119,2017-07-16,2017,3,July
3120,2017-07-17,2017,3,July
3121,2017-07-18,2017,3,July
3122,2017-07-19,2017,3,July
3123,2017-07-20,2017,3,July
3124,2017-07-21,2017,3,July
3125,2017-07-22,2017,3,July
3126,2017-07-23,2017,3,July
3127,2017-07-24,2017,3,July
3128,2017-07-25,2017,3,July
3129,2017-07-26,2017,3,July
3130,2017-07-27,2017,3,July
3131,2017-07-28,2017,3,July
3132,2017-07-29,2017,3,July
3133,2017-07-30,2017,3,July
3134,2017-07-31,2017,3,July
3135,2017-08-01,2017,3,August
3136,2017-08-02,2017,3,August
3137,2017-08-03,2017,3,August
3138,2017-08-04,2017,3,August
3139,2017-08-05,2017,3,August
3140,2017-08-06,2017,3,August
3141,2017-08-07,2017,3,August
3142,2017-08-08,2017,3,August
3143,2017-08-09,2017,3,August
3144,2017-08-10,2017,3,August
3145,2017-08-11,2017,3,August
3146,2017-08-12,2017,3,August
3147,2017-08-13,2017,3,August
3148,2017-08-14,2017,3,August
3149,2017-08-15,2017,3,August
3150,2017-08-16,2017,3,August
3151,2017-08-17,2017,3,August
3152,2017-08-18,2017,3,August
3153,2017-08-19,2017,3,August
3154,2017-08-20,2017,3,August
3155,2017-08-21,2017,3,August
3156,2017-08-22,2017,3,August
3157,2017-08-23,2017,3,August
3158,2017-08-24,2017,3,August
3159,2017-08-25,2017,3,August
3160,2017-08-26,2017,3,August
3161,2017-08-27,2017,3,August
3162,2017-08-28,2017,3,August
3163,2017-08-29,2017,3,August
3164,2017-08-30,2017,3,August
3165,2017-08-31,2017,3,August
3166,2017-09-01,2017,3,September
3167,2017-09-02,2017,3,September
3168,2017-09-03,2017,3,September
3169,2017-09-04,2017,3,September
3170,2017-09-05,2017,3,September
3171,2017-09-06,2017,3,September
3172,2017-09-07,2017,3,September
3173,2017-09-08,2017,3,September
3174,2017-09-09,2017,3,September
3175,2017-09-10,2017,3,September
3176,2017-09-11,2017,3,September
3177,2017-09-12,2017,3,September
3178,2017-09-13,2017,3,September
3179,2017-09-14,2017,3,September
3180,2017-09-15,2017,3,September
3181,2017-09-16,2017,3,September
3182,2017-09-17,2017,3,September
3183,2017-09-18,2017,3,September
3184,2017-09-19,2017,3,September
3185,2017-09-20,2017,3,September
3186,2017-09-21,2017,3,September
3187,2017-09-22,2017,3,September
3188,2017-09-23,2017,3,September
3189,2017-09-24,2017,3,September
3190,2017-09-25,2017,3,September
3191,2017-09-26,2017,3,September
3192,2017-09-27,2017,3,September
3193,2017-09-28,2017,3,September
3194,2017-09-29,2017,3,September
3195,2017-09-30,2017,3,September
3196,2017-10-01,2017,4,October
3197,2017-10-02,2017,4,October
3198,2017-10-03,2017,4,October
3199,2017-10-04,2017,4,October
3200,2017-10-05,2017,4,October
3201,2017-10-06,2017,4,October
3202,2017-10-07,2017,4,October
3203,2017-10-08,2017,4,October
3204,2017-10-09,2017,4,October
3205,2017-10-10,2017,4,October
3206,2017-10-11,2017,4,October
3207,2017-10-12,2017,4,October
3208,2017-10-13,2017,4,October
3209,2017-10-14,2017,4,October
3210,2017-10-15,2017,4,October
3211,2017-10-16,2017,4,October
3212,2017-10-17,2017,4,October
3213,2017-10-18,2017,4,October
3214,2017-10-19,2017,4,October
3215,2017-10-20,2017,4,October
3216,2017-10-21,2017,4,October
3217,2017-10-22,2017,4,October
3218,2017-10-23,2017,4,October
3219,2017-10-24,2017,4,October
3220,2017-10-25,2017,4,October
3221,2017-10-26,2017,4,October
3222,2017-10-27,2017,4,October
3223,2017-10-28,2017,4,October
3224,2017-10-29,2017,4,October
3225,2017-10-30,2017,4,October
3226,2017-10-31,2017,4,October
3227,2017-11-01,2017,4,November
3228,2017-11-02,2017,4,November
3229,2017-11-03,2017,4,November
3230,2017-11-04,2017,4,November
3231,2017-11-05,2017,4,November
3232,2017-11-06,2017,4,November
3233,2017-11-07,2017,4,November
3234,2017-11-08,2017,4,November
3235,2017-11-09,2017,4,November
3236,2017-11-10,2017,4,November
3237,2017-11-11,2017,4,November
3238,2017-11-12,2017,4,November
3239,2017-11-13,2017,4,November
3240,2017-11-14,2017,4,November
3241,2017-11-15,2017,4,November
3242,2017-11-16,2017,4,November
3243,2017-11-17,2017,4,November
3244,2017-11-18,2017,4,November
3245,2017-11-19,2017,4,November
3246,2017-11-20,2017,4,November
3247,2017-11-21,2017,4,November
3248,2017-11-22,2017,4,November
3249,2017-11-23,2017,4,November
3250,2017-11-24,2017,4,November
3251,2017-11-25,2017,4,November
3252,2017-11-26,2017,4,November
3253,2017-11-27,2017,4,November
3254,2017-11-28,2017,4,November
3255,2017-11-29,2017,4,November
3256,2017-11-30,2017,4,November
3257,2017-12-01,2017,4,December
3258,2017-12-02,2017,4,December
3259,2017-12-03,2017,4,December
3260,2017-12-04,2017,4,December
3261,2017-12-05,2017,4,December
3262,2017-12-06,2017,4,December
3263,2017-12-07,2017,4,December
3264,2017-12-08,2017,4,December
3265,2017-12-09,2017,4,December
3266,2017-12-10,2017,4,December
3267,2017-12-11,2017,4,December
3268,2017-12-12,2017,4,December
3269,2017-12-13,2017,4,December
3270,2017-12-14,2017,4,December
3271,2017-12-15,2017,4,December
3272,2017-12-16,2017,4,December
3273,2017-12-17,2017,4,December
3274,2017-12-18,2017,4,December
3275,2017-12-19,2017,4,December
3276,2017-12-20,2017,4,December
3277,2017-12-21,2017,4,December
3278,2017-12-22,2017,4,December
3279,2017-12-23,2017,4,December
3280,2017-12-24,2017,4,December
3281,2017-12-25,2017,4,December
3282,2017-12-26,2017,4,December
3283,2017-12-27,2017,4,December
3284,2017-12-28,2017,4,December
3285,2017-12-29,2017,4,December
3286,2017-12-30,2017,4,December
3287,2017-12-31,2017,4,December
