1,1/01/2009,2009,1,January
2,2/01/2009,2009,1,January
3,3/01/2009,2009,1,January
4,4/01/2009,2009,1,January
5,5/01/2009,2009,1,January
6,6/01/2009,2009,1,January
7,7/01/2009,2009,1,January
8,8/01/2009,2009,1,January
9,9/01/2009,2009,1,January
10,10/01/2009,2009,1,January
11,11/01/2009,2009,1,January
12,12/01/2009,2009,1,January
13,13/01/2009,2009,1,January
14,14/01/2009,2009,1,January
15,15/01/2009,2009,1,January
16,16/01/2009,2009,1,January
17,17/01/2009,2009,1,January
18,18/01/2009,2009,1,January
19,19/01/2009,2009,1,January
20,20/01/2009,2009,1,January
21,21/01/2009,2009,1,January
22,22/01/2009,2009,1,January
23,23/01/2009,2009,1,January
24,24/01/2009,2009,1,January
25,25/01/2009,2009,1,January
26,26/01/2009,2009,1,January
27,27/01/2009,2009,1,January
28,28/01/2009,2009,1,January
29,29/01/2009,2009,1,January
30,30/01/2009,2009,1,January
31,31/01/2009,2009,1,January
32,1/02/2009,2009,1,February
33,2/02/2009,2009,1,February
34,3/02/2009,2009,1,February
35,4/02/2009,2009,1,February
36,5/02/2009,2009,1,February
37,6/02/2009,2009,1,February
38,7/02/2009,2009,1,February
39,8/02/2009,2009,1,February
40,9/02/2009,2009,1,February
41,10/02/2009,2009,1,February
42,11/02/2009,2009,1,February
43,12/02/2009,2009,1,February
44,13/02/2009,2009,1,February
45,14/02/2009,2009,1,February
46,15/02/2009,2009,1,February
47,16/02/2009,2009,1,February
48,17/02/2009,2009,1,February
49,18/02/2009,2009,1,February
50,19/02/2009,2009,1,February
51,20/02/2009,2009,1,February
52,21/02/2009,2009,1,February
53,22/02/2009,2009,1,February
54,23/02/2009,2009,1,February
55,24/02/2009,2009,1,February
56,25/02/2009,2009,1,February
57,26/02/2009,2009,1,February
58,27/02/2009,2009,1,February
59,28/02/2009,2009,1,February
60,1/03/2009,2009,1,March
61,2/03/2009,2009,1,March
62,3/03/2009,2009,1,March
63,4/03/2009,2009,1,March
64,5/03/2009,2009,1,March
65,6/03/2009,2009,1,March
66,7/03/2009,2009,1,March
67,8/03/2009,2009,1,March
68,9/03/2009,2009,1,March
69,10/03/2009,2009,1,March
70,11/03/2009,2009,1,March
71,12/03/2009,2009,1,March
72,13/03/2009,2009,1,March
73,14/03/2009,2009,1,March
74,15/03/2009,2009,1,March
75,16/03/2009,2009,1,March
76,17/03/2009,2009,1,March
77,18/03/2009,2009,1,March
78,19/03/2009,2009,1,March
79,20/03/2009,2009,1,March
80,21/03/2009,2009,1,March
81,22/03/2009,2009,1,March
82,23/03/2009,2009,1,March
83,24/03/2009,2009,1,March
84,25/03/2009,2009,1,March
85,26/03/2009,2009,1,March
86,27/03/2009,2009,1,March
87,28/03/2009,2009,1,March
88,29/03/2009,2009,1,March
89,30/03/2009,2009,1,March
90,31/03/2009,2009,1,March
91,1/04/2009,2009,2,April
92,2/04/2009,2009,2,April
93,3/04/2009,2009,2,April
94,4/04/2009,2009,2,April
95,5/04/2009,2009,2,April
96,6/04/2009,2009,2,April
97,7/04/2009,2009,2,April
98,8/04/2009,2009,2,April
99,9/04/2009,2009,2,April
100,10/04/2009,2009,2,April
101,11/04/2009,2009,2,April
102,12/04/2009,2009,2,April
103,13/04/2009,2009,2,April
104,14/04/2009,2009,2,April
105,15/04/2009,2009,2,April
106,16/04/2009,2009,2,April
107,17/04/2009,2009,2,April
108,18/04/2009,2009,2,April
109,19/04/2009,2009,2,April
110,20/04/2009,2009,2,April
111,21/04/2009,2009,2,April
112,22/04/2009,2009,2,April
113,23/04/2009,2009,2,April
114,24/04/2009,2009,2,April
115,25/04/2009,2009,2,April
116,26/04/2009,2009,2,April
117,27/04/2009,2009,2,April
118,28/04/2009,2009,2,April
119,29/04/2009,2009,2,April
120,30/04/2009,2009,2,April
121,1/05/2009,2009,2,May
122,2/05/2009,2009,2,May
123,3/05/2009,2009,2,May
124,4/05/2009,2009,2,May
125,5/05/2009,2009,2,May
126,6/05/2009,2009,2,May
127,7/05/2009,2009,2,May
128,8/05/2009,2009,2,May
129,9/05/2009,2009,2,May
130,10/05/2009,2009,2,May
131,11/05/2009,2009,2,May
132,12/05/2009,2009,2,May
133,13/05/2009,2009,2,May
134,14/05/2009,2009,2,May
135,15/05/2009,2009,2,May
136,16/05/2009,2009,2,May
137,17/05/2009,2009,2,May
138,18/05/2009,2009,2,May
139,19/05/2009,2009,2,May
140,20/05/2009,2009,2,May
141,21/05/2009,2009,2,May
142,22/05/2009,2009,2,May
143,23/05/2009,2009,2,May
144,24/05/2009,2009,2,May
145,25/05/2009,2009,2,May
146,26/05/2009,2009,2,May
147,27/05/2009,2009,2,May
148,28/05/2009,2009,2,May
149,29/05/2009,2009,2,May
150,30/05/2009,2009,2,May
151,31/05/2009,2009,2,May
152,1/06/2009,2009,2,June
153,2/06/2009,2009,2,June
154,3/06/2009,2009,2,June
155,4/06/2009,2009,2,June
156,5/06/2009,2009,2,June
157,6/06/2009,2009,2,June
158,7/06/2009,2009,2,June
159,8/06/2009,2009,2,June
160,9/06/2009,2009,2,June
161,10/06/2009,2009,2,June
162,11/06/2009,2009,2,June
163,12/06/2009,2009,2,June
164,13/06/2009,2009,2,June
165,14/06/2009,2009,2,June
166,15/06/2009,2009,2,June
167,16/06/2009,2009,2,June
168,17/06/2009,2009,2,June
169,18/06/2009,2009,2,June
170,19/06/2009,2009,2,June
171,20/06/2009,2009,2,June
172,21/06/2009,2009,2,June
173,22/06/2009,2009,2,June
174,23/06/2009,2009,2,June
175,24/06/2009,2009,2,June
176,25/06/2009,2009,2,June
177,26/06/2009,2009,2,June
178,27/06/2009,2009,2,June
179,28/06/2009,2009,2,June
180,29/06/2009,2009,2,June
181,30/06/2009,2009,2,June
182,1/07/2009,2009,3,July
183,2/07/2009,2009,3,July
184,3/07/2009,2009,3,July
185,4/07/2009,2009,3,July
186,5/07/2009,2009,3,July
187,6/07/2009,2009,3,July
188,7/07/2009,2009,3,July
189,8/07/2009,2009,3,July
190,9/07/2009,2009,3,July
191,10/07/2009,2009,3,July
192,11/07/2009,2009,3,July
193,12/07/2009,2009,3,July
194,13/07/2009,2009,3,July
195,14/07/2009,2009,3,July
196,15/07/2009,2009,3,July
197,16/07/2009,2009,3,July
198,17/07/2009,2009,3,July
199,18/07/2009,2009,3,July
200,19/07/2009,2009,3,July
201,20/07/2009,2009,3,July
202,21/07/2009,2009,3,July
203,22/07/2009,2009,3,July
204,23/07/2009,2009,3,July
205,24/07/2009,2009,3,July
206,25/07/2009,2009,3,July
207,26/07/2009,2009,3,July
208,27/07/2009,2009,3,July
209,28/07/2009,2009,3,July
210,29/07/2009,2009,3,July
211,30/07/2009,2009,3,July
212,31/07/2009,2009,3,July
213,1/08/2009,2009,3,August
214,2/08/2009,2009,3,August
215,3/08/2009,2009,3,August
216,4/08/2009,2009,3,August
217,5/08/2009,2009,3,August
218,6/08/2009,2009,3,August
219,7/08/2009,2009,3,August
220,8/08/2009,2009,3,August
221,9/08/2009,2009,3,August
222,10/08/2009,2009,3,August
223,11/08/2009,2009,3,August
224,12/08/2009,2009,3,August
225,13/08/2009,2009,3,August
226,14/08/2009,2009,3,August
227,15/08/2009,2009,3,August
228,16/08/2009,2009,3,August
229,17/08/2009,2009,3,August
230,18/08/2009,2009,3,August
231,19/08/2009,2009,3,August
232,20/08/2009,2009,3,August
233,21/08/2009,2009,3,August
234,22/08/2009,2009,3,August
235,23/08/2009,2009,3,August
236,24/08/2009,2009,3,August
237,25/08/2009,2009,3,August
238,26/08/2009,2009,3,August
239,27/08/2009,2009,3,August
240,28/08/2009,2009,3,August
241,29/08/2009,2009,3,August
242,30/08/2009,2009,3,August
243,31/08/2009,2009,3,August
244,1/09/2009,2009,3,September
245,2/09/2009,2009,3,September
246,3/09/2009,2009,3,September
247,4/09/2009,2009,3,September
248,5/09/2009,2009,3,September
249,6/09/2009,2009,3,September
250,7/09/2009,2009,3,September
251,8/09/2009,2009,3,September
252,9/09/2009,2009,3,September
253,10/09/2009,2009,3,September
254,11/09/2009,2009,3,September
255,12/09/2009,2009,3,September
256,13/09/2009,2009,3,September
257,14/09/2009,2009,3,September
258,15/09/2009,2009,3,September
259,16/09/2009,2009,3,September
260,17/09/2009,2009,3,September
261,18/09/2009,2009,3,September
262,19/09/2009,2009,3,September
263,20/09/2009,2009,3,September
264,21/09/2009,2009,3,September
265,22/09/2009,2009,3,September
266,23/09/2009,2009,3,September
267,24/09/2009,2009,3,September
268,25/09/2009,2009,3,September
269,26/09/2009,2009,3,September
270,27/09/2009,2009,3,September
271,28/09/2009,2009,3,September
272,29/09/2009,2009,3,September
273,30/09/2009,2009,3,September
274,1/10/2009,2009,4,October
275,2/10/2009,2009,4,October
276,3/10/2009,2009,4,October
277,4/10/2009,2009,4,October
278,5/10/2009,2009,4,October
279,6/10/2009,2009,4,October
280,7/10/2009,2009,4,October
281,8/10/2009,2009,4,October
282,9/10/2009,2009,4,October
283,10/10/2009,2009,4,October
284,11/10/2009,2009,4,October
285,12/10/2009,2009,4,October
286,13/10/2009,2009,4,October
287,14/10/2009,2009,4,October
288,15/10/2009,2009,4,October
289,16/10/2009,2009,4,October
290,17/10/2009,2009,4,October
291,18/10/2009,2009,4,October
292,19/10/2009,2009,4,October
293,20/10/2009,2009,4,October
294,21/10/2009,2009,4,October
295,22/10/2009,2009,4,October
296,23/10/2009,2009,4,October
297,24/10/2009,2009,4,October
298,25/10/2009,2009,4,October
299,26/10/2009,2009,4,October
300,27/10/2009,2009,4,October
301,28/10/2009,2009,4,October
302,29/10/2009,2009,4,October
303,30/10/2009,2009,4,October
304,31/10/2009,2009,4,October
305,1/11/2009,2009,4,November
306,2/11/2009,2009,4,November
307,3/11/2009,2009,4,November
308,4/11/2009,2009,4,November
309,5/11/2009,2009,4,November
310,6/11/2009,2009,4,November
311,7/11/2009,2009,4,November
312,8/11/2009,2009,4,November
313,9/11/2009,2009,4,November
314,10/11/2009,2009,4,November
315,11/11/2009,2009,4,November
316,12/11/2009,2009,4,November
317,13/11/2009,2009,4,November
318,14/11/2009,2009,4,November
319,15/11/2009,2009,4,November
320,16/11/2009,2009,4,November
321,17/11/2009,2009,4,November
322,18/11/2009,2009,4,November
323,19/11/2009,2009,4,November
324,20/11/2009,2009,4,November
325,21/11/2009,2009,4,November
326,22/11/2009,2009,4,November
327,23/11/2009,2009,4,November
328,24/11/2009,2009,4,November
329,25/11/2009,2009,4,November
330,26/11/2009,2009,4,November
331,27/11/2009,2009,4,November
332,28/11/2009,2009,4,November
333,29/11/2009,2009,4,November
334,30/11/2009,2009,4,November
335,1/12/2009,2009,4,December
336,2/12/2009,2009,4,December
337,3/12/2009,2009,4,December
338,4/12/2009,2009,4,December
339,5/12/2009,2009,4,December
340,6/12/2009,2009,4,December
341,7/12/2009,2009,4,December
342,8/12/2009,2009,4,December
343,9/12/2009,2009,4,December
344,10/12/2009,2009,4,December
345,11/12/2009,2009,4,December
346,12/12/2009,2009,4,December
347,13/12/2009,2009,4,December
348,14/12/2009,2009,4,December
349,15/12/2009,2009,4,December
350,16/12/2009,2009,4,December
351,17/12/2009,2009,4,December
352,18/12/2009,2009,4,December
353,19/12/2009,2009,4,December
354,20/12/2009,2009,4,December
355,21/12/2009,2009,4,December
356,22/12/2009,2009,4,December
357,23/12/2009,2009,4,December
358,24/12/2009,2009,4,December
359,25/12/2009,2009,4,December
360,26/12/2009,2009,4,December
361,27/12/2009,2009,4,December
362,28/12/2009,2009,4,December
363,29/12/2009,2009,4,December
364,30/12/2009,2009,4,December
365,31/12/2009,2009,4,December
366,1/01/2010,2010,1,January
367,2/01/2010,2010,1,January
368,3/01/2010,2010,1,January
369,4/01/2010,2010,1,January
370,5/01/2010,2010,1,January
371,6/01/2010,2010,1,January
372,7/01/2010,2010,1,January
373,8/01/2010,2010,1,January
374,9/01/2010,2010,1,January
375,10/01/2010,2010,1,January
376,11/01/2010,2010,1,January
377,12/01/2010,2010,1,January
378,13/01/2010,2010,1,January
379,14/01/2010,2010,1,January
380,15/01/2010,2010,1,January
381,16/01/2010,2010,1,January
382,17/01/2010,2010,1,January
383,18/01/2010,2010,1,January
384,19/01/2010,2010,1,January
385,20/01/2010,2010,1,January
386,21/01/2010,2010,1,January
387,22/01/2010,2010,1,January
388,23/01/2010,2010,1,January
389,24/01/2010,2010,1,January
390,25/01/2010,2010,1,January
391,26/01/2010,2010,1,January
392,27/01/2010,2010,1,January
393,28/01/2010,2010,1,January
394,29/01/2010,2010,1,January
395,30/01/2010,2010,1,January
396,31/01/2010,2010,1,January
397,1/02/2010,2010,1,February
398,2/02/2010,2010,1,February
399,3/02/2010,2010,1,February
400,4/02/2010,2010,1,February
401,5/02/2010,2010,1,February
402,6/02/2010,2010,1,February
403,7/02/2010,2010,1,February
404,8/02/2010,2010,1,February
405,9/02/2010,2010,1,February
406,10/02/2010,2010,1,February
407,11/02/2010,2010,1,February
408,12/02/2010,2010,1,February
409,13/02/2010,2010,1,February
410,14/02/2010,2010,1,February
411,15/02/2010,2010,1,February
412,16/02/2010,2010,1,February
413,17/02/2010,2010,1,February
414,18/02/2010,2010,1,February
415,19/02/2010,2010,1,February
416,20/02/2010,2010,1,February
417,21/02/2010,2010,1,February
418,22/02/2010,2010,1,February
419,23/02/2010,2010,1,February
420,24/02/2010,2010,1,February
421,25/02/2010,2010,1,February
422,26/02/2010,2010,1,February
423,27/02/2010,2010,1,February
424,28/02/2010,2010,1,February
425,1/03/2010,2010,1,March
426,2/03/2010,2010,1,March
427,3/03/2010,2010,1,March
428,4/03/2010,2010,1,March
429,5/03/2010,2010,1,March
430,6/03/2010,2010,1,March
431,7/03/2010,2010,1,March
432,8/03/2010,2010,1,March
433,9/03/2010,2010,1,March
434,10/03/2010,2010,1,March
435,11/03/2010,2010,1,March
436,12/03/2010,2010,1,March
437,13/03/2010,2010,1,March
438,14/03/2010,2010,1,March
439,15/03/2010,2010,1,March
440,16/03/2010,2010,1,March
441,17/03/2010,2010,1,March
442,18/03/2010,2010,1,March
443,19/03/2010,2010,1,March
444,20/03/2010,2010,1,March
445,21/03/2010,2010,1,March
446,22/03/2010,2010,1,March
447,23/03/2010,2010,1,March
448,24/03/2010,2010,1,March
449,25/03/2010,2010,1,March
450,26/03/2010,2010,1,March
451,27/03/2010,2010,1,March
452,28/03/2010,2010,1,March
453,29/03/2010,2010,1,March
454,30/03/2010,2010,1,March
455,31/03/2010,2010,1,March
456,1/04/2010,2010,2,April
457,2/04/2010,2010,2,April
458,3/04/2010,2010,2,April
459,4/04/2010,2010,2,April
460,5/04/2010,2010,2,April
461,6/04/2010,2010,2,April
462,7/04/2010,2010,2,April
463,8/04/2010,2010,2,April
464,9/04/2010,2010,2,April
465,10/04/2010,2010,2,April
466,11/04/2010,2010,2,April
467,12/04/2010,2010,2,April
468,13/04/2010,2010,2,April
469,14/04/2010,2010,2,April
470,15/04/2010,2010,2,April
471,16/04/2010,2010,2,April
472,17/04/2010,2010,2,April
473,18/04/2010,2010,2,April
474,19/04/2010,2010,2,April
475,20/04/2010,2010,2,April
476,21/04/2010,2010,2,April
477,22/04/2010,2010,2,April
478,23/04/2010,2010,2,April
479,24/04/2010,2010,2,April
480,25/04/2010,2010,2,April
481,26/04/2010,2010,2,April
482,27/04/2010,2010,2,April
483,28/04/2010,2010,2,April
484,29/04/2010,2010,2,April
485,30/04/2010,2010,2,April
486,1/05/2010,2010,2,May
487,2/05/2010,2010,2,May
488,3/05/2010,2010,2,May
489,4/05/2010,2010,2,May
490,5/05/2010,2010,2,May
491,6/05/2010,2010,2,May
492,7/05/2010,2010,2,May
493,8/05/2010,2010,2,May
494,9/05/2010,2010,2,May
495,10/05/2010,2010,2,May
496,11/05/2010,2010,2,May
497,12/05/2010,2010,2,May
498,13/05/2010,2010,2,May
499,14/05/2010,2010,2,May
500,15/05/2010,2010,2,May
501,16/05/2010,2010,2,May
502,17/05/2010,2010,2,May
503,18/05/2010,2010,2,May
504,19/05/2010,2010,2,May
505,20/05/2010,2010,2,May
506,21/05/2010,2010,2,May
507,22/05/2010,2010,2,May
508,23/05/2010,2010,2,May
509,24/05/2010,2010,2,May
510,25/05/2010,2010,2,May
511,26/05/2010,2010,2,May
512,27/05/2010,2010,2,May
513,28/05/2010,2010,2,May
514,29/05/2010,2010,2,May
515,30/05/2010,2010,2,May
516,31/05/2010,2010,2,May
517,1/06/2010,2010,2,June
518,2/06/2010,2010,2,June
519,3/06/2010,2010,2,June
520,4/06/2010,2010,2,June
521,5/06/2010,2010,2,June
522,6/06/2010,2010,2,June
523,7/06/2010,2010,2,June
524,8/06/2010,2010,2,June
525,9/06/2010,2010,2,June
526,10/06/2010,2010,2,June
527,11/06/2010,2010,2,June
528,12/06/2010,2010,2,June
529,13/06/2010,2010,2,June
530,14/06/2010,2010,2,June
531,15/06/2010,2010,2,June
532,16/06/2010,2010,2,June
533,17/06/2010,2010,2,June
534,18/06/2010,2010,2,June
535,19/06/2010,2010,2,June
536,20/06/2010,2010,2,June
537,21/06/2010,2010,2,June
538,22/06/2010,2010,2,June
539,23/06/2010,2010,2,June
540,24/06/2010,2010,2,June
541,25/06/2010,2010,2,June
542,26/06/2010,2010,2,June
543,27/06/2010,2010,2,June
544,28/06/2010,2010,2,June
545,29/06/2010,2010,2,June
546,30/06/2010,2010,2,June
547,1/07/2010,2010,3,July
548,2/07/2010,2010,3,July
549,3/07/2010,2010,3,July
550,4/07/2010,2010,3,July
551,5/07/2010,2010,3,July
552,6/07/2010,2010,3,July
553,7/07/2010,2010,3,July
554,8/07/2010,2010,3,July
555,9/07/2010,2010,3,July
556,10/07/2010,2010,3,July
557,11/07/2010,2010,3,July
558,12/07/2010,2010,3,July
559,13/07/2010,2010,3,July
560,14/07/2010,2010,3,July
561,15/07/2010,2010,3,July
562,16/07/2010,2010,3,July
563,17/07/2010,2010,3,July
564,18/07/2010,2010,3,July
565,19/07/2010,2010,3,July
566,20/07/2010,2010,3,July
567,21/07/2010,2010,3,July
568,22/07/2010,2010,3,July
569,23/07/2010,2010,3,July
570,24/07/2010,2010,3,July
571,25/07/2010,2010,3,July
572,26/07/2010,2010,3,July
573,27/07/2010,2010,3,July
574,28/07/2010,2010,3,July
575,29/07/2010,2010,3,July
576,30/07/2010,2010,3,July
577,31/07/2010,2010,3,July
578,1/08/2010,2010,3,August
579,2/08/2010,2010,3,August
580,3/08/2010,2010,3,August
581,4/08/2010,2010,3,August
582,5/08/2010,2010,3,August
583,6/08/2010,2010,3,August
584,7/08/2010,2010,3,August
585,8/08/2010,2010,3,August
586,9/08/2010,2010,3,August
587,10/08/2010,2010,3,August
588,11/08/2010,2010,3,August
589,12/08/2010,2010,3,August
590,13/08/2010,2010,3,August
591,14/08/2010,2010,3,August
592,15/08/2010,2010,3,August
593,16/08/2010,2010,3,August
594,17/08/2010,2010,3,August
595,18/08/2010,2010,3,August
596,19/08/2010,2010,3,August
597,20/08/2010,2010,3,August
598,21/08/2010,2010,3,August
599,22/08/2010,2010,3,August
600,23/08/2010,2010,3,August
601,24/08/2010,2010,3,August
602,25/08/2010,2010,3,August
603,26/08/2010,2010,3,August
604,27/08/2010,2010,3,August
605,28/08/2010,2010,3,August
606,29/08/2010,2010,3,August
607,30/08/2010,2010,3,August
608,31/08/2010,2010,3,August
609,1/09/2010,2010,3,September
610,2/09/2010,2010,3,September
611,3/09/2010,2010,3,September
612,4/09/2010,2010,3,September
613,5/09/2010,2010,3,September
614,6/09/2010,2010,3,September
615,7/09/2010,2010,3,September
616,8/09/2010,2010,3,September
617,9/09/2010,2010,3,September
618,10/09/2010,2010,3,September
619,11/09/2010,2010,3,September
620,12/09/2010,2010,3,September
621,13/09/2010,2010,3,September
622,14/09/2010,2010,3,September
623,15/09/2010,2010,3,September
624,16/09/2010,2010,3,September
625,17/09/2010,2010,3,September
626,18/09/2010,2010,3,September
627,19/09/2010,2010,3,September
628,20/09/2010,2010,3,September
629,21/09/2010,2010,3,September
630,22/09/2010,2010,3,September
631,23/09/2010,2010,3,September
632,24/09/2010,2010,3,September
633,25/09/2010,2010,3,September
634,26/09/2010,2010,3,September
635,27/09/2010,2010,3,September
636,28/09/2010,2010,3,September
637,29/09/2010,2010,3,September
638,30/09/2010,2010,3,September
639,1/10/2010,2010,4,October
640,2/10/2010,2010,4,October
641,3/10/2010,2010,4,October
642,4/10/2010,2010,4,October
643,5/10/2010,2010,4,October
644,6/10/2010,2010,4,October
645,7/10/2010,2010,4,October
646,8/10/2010,2010,4,October
647,9/10/2010,2010,4,October
648,10/10/2010,2010,4,October
649,11/10/2010,2010,4,October
650,12/10/2010,2010,4,October
651,13/10/2010,2010,4,October
652,14/10/2010,2010,4,October
653,15/10/2010,2010,4,October
654,16/10/2010,2010,4,October
655,17/10/2010,2010,4,October
656,18/10/2010,2010,4,October
657,19/10/2010,2010,4,October
658,20/10/2010,2010,4,October
659,21/10/2010,2010,4,October
660,22/10/2010,2010,4,October
661,23/10/2010,2010,4,October
662,24/10/2010,2010,4,October
663,25/10/2010,2010,4,October
664,26/10/2010,2010,4,October
665,27/10/2010,2010,4,October
666,28/10/2010,2010,4,October
667,29/10/2010,2010,4,October
668,30/10/2010,2010,4,October
669,31/10/2010,2010,4,October
670,1/11/2010,2010,4,November
671,2/11/2010,2010,4,November
672,3/11/2010,2010,4,November
673,4/11/2010,2010,4,November
674,5/11/2010,2010,4,November
675,6/11/2010,2010,4,November
676,7/11/2010,2010,4,November
677,8/11/2010,2010,4,November
678,9/11/2010,2010,4,November
679,10/11/2010,2010,4,November
680,11/11/2010,2010,4,November
681,12/11/2010,2010,4,November
682,13/11/2010,2010,4,November
683,14/11/2010,2010,4,November
684,15/11/2010,2010,4,November
685,16/11/2010,2010,4,November
686,17/11/2010,2010,4,November
687,18/11/2010,2010,4,November
688,19/11/2010,2010,4,November
689,20/11/2010,2010,4,November
690,21/11/2010,2010,4,November
691,22/11/2010,2010,4,November
692,23/11/2010,2010,4,November
693,24/11/2010,2010,4,November
694,25/11/2010,2010,4,November
695,26/11/2010,2010,4,November
696,27/11/2010,2010,4,November
697,28/11/2010,2010,4,November
698,29/11/2010,2010,4,November
699,30/11/2010,2010,4,November
700,1/12/2010,2010,4,December
701,2/12/2010,2010,4,December
702,3/12/2010,2010,4,December
703,4/12/2010,2010,4,December
704,5/12/2010,2010,4,December
705,6/12/2010,2010,4,December
706,7/12/2010,2010,4,December
707,8/12/2010,2010,4,December
708,9/12/2010,2010,4,December
709,10/12/2010,2010,4,December
710,11/12/2010,2010,4,December
711,12/12/2010,2010,4,December
712,13/12/2010,2010,4,December
713,14/12/2010,2010,4,December
714,15/12/2010,2010,4,December
715,16/12/2010,2010,4,December
716,17/12/2010,2010,4,December
717,18/12/2010,2010,4,December
718,19/12/2010,2010,4,December
719,20/12/2010,2010,4,December
720,21/12/2010,2010,4,December
721,22/12/2010,2010,4,December
722,23/12/2010,2010,4,December
723,24/12/2010,2010,4,December
724,25/12/2010,2010,4,December
725,26/12/2010,2010,4,December
726,27/12/2010,2010,4,December
727,28/12/2010,2010,4,December
728,29/12/2010,2010,4,December
729,30/12/2010,2010,4,December
730,31/12/2010,2010,4,December
731,1/01/2011,2011,1,January
732,2/01/2011,2011,1,January
733,3/01/2011,2011,1,January
734,4/01/2011,2011,1,January
735,5/01/2011,2011,1,January
736,6/01/2011,2011,1,January
737,7/01/2011,2011,1,January
738,8/01/2011,2011,1,January
739,9/01/2011,2011,1,January
740,10/01/2011,2011,1,January
741,11/01/2011,2011,1,January
742,12/01/2011,2011,1,January
743,13/01/2011,2011,1,January
744,14/01/2011,2011,1,January
745,15/01/2011,2011,1,January
746,16/01/2011,2011,1,January
747,17/01/2011,2011,1,January
748,18/01/2011,2011,1,January
749,19/01/2011,2011,1,January
750,20/01/2011,2011,1,January
751,21/01/2011,2011,1,January
752,22/01/2011,2011,1,January
753,23/01/2011,2011,1,January
754,24/01/2011,2011,1,January
755,25/01/2011,2011,1,January
756,26/01/2011,2011,1,January
757,27/01/2011,2011,1,January
758,28/01/2011,2011,1,January
759,29/01/2011,2011,1,January
760,30/01/2011,2011,1,January
761,31/01/2011,2011,1,January
762,1/02/2011,2011,1,February
763,2/02/2011,2011,1,February
764,3/02/2011,2011,1,February
765,4/02/2011,2011,1,February
766,5/02/2011,2011,1,February
767,6/02/2011,2011,1,February
768,7/02/2011,2011,1,February
769,8/02/2011,2011,1,February
770,9/02/2011,2011,1,February
771,10/02/2011,2011,1,February
772,11/02/2011,2011,1,February
773,12/02/2011,2011,1,February
774,13/02/2011,2011,1,February
775,14/02/2011,2011,1,February
776,15/02/2011,2011,1,February
777,16/02/2011,2011,1,February
778,17/02/2011,2011,1,February
779,18/02/2011,2011,1,February
780,19/02/2011,2011,1,February
781,20/02/2011,2011,1,February
782,21/02/2011,2011,1,February
783,22/02/2011,2011,1,February
784,23/02/2011,2011,1,February
785,24/02/2011,2011,1,February
786,25/02/2011,2011,1,February
787,26/02/2011,2011,1,February
788,27/02/2011,2011,1,February
789,28/02/2011,2011,1,February
790,1/03/2011,2011,1,March
791,2/03/2011,2011,1,March
792,3/03/2011,2011,1,March
793,4/03/2011,2011,1,March
794,5/03/2011,2011,1,March
795,6/03/2011,2011,1,March
796,7/03/2011,2011,1,March
797,8/03/2011,2011,1,March
798,9/03/2011,2011,1,March
799,10/03/2011,2011,1,March
800,11/03/2011,2011,1,March
801,12/03/2011,2011,1,March
802,13/03/2011,2011,1,March
803,14/03/2011,2011,1,March
804,15/03/2011,2011,1,March
805,16/03/2011,2011,1,March
806,17/03/2011,2011,1,March
807,18/03/2011,2011,1,March
808,19/03/2011,2011,1,March
809,20/03/2011,2011,1,March
810,21/03/2011,2011,1,March
811,22/03/2011,2011,1,March
812,23/03/2011,2011,1,March
813,24/03/2011,2011,1,March
814,25/03/2011,2011,1,March
815,26/03/2011,2011,1,March
816,27/03/2011,2011,1,March
817,28/03/2011,2011,1,March
818,29/03/2011,2011,1,March
819,30/03/2011,2011,1,March
820,31/03/2011,2011,1,March
821,1/04/2011,2011,2,April
822,2/04/2011,2011,2,April
823,3/04/2011,2011,2,April
824,4/04/2011,2011,2,April
825,5/04/2011,2011,2,April
826,6/04/2011,2011,2,April
827,7/04/2011,2011,2,April
828,8/04/2011,2011,2,April
829,9/04/2011,2011,2,April
830,10/04/2011,2011,2,April
831,11/04/2011,2011,2,April
832,12/04/2011,2011,2,April
833,13/04/2011,2011,2,April
834,14/04/2011,2011,2,April
835,15/04/2011,2011,2,April
836,16/04/2011,2011,2,April
837,17/04/2011,2011,2,April
838,18/04/2011,2011,2,April
839,19/04/2011,2011,2,April
840,20/04/2011,2011,2,April
841,21/04/2011,2011,2,April
842,22/04/2011,2011,2,April
843,23/04/2011,2011,2,April
844,24/04/2011,2011,2,April
845,25/04/2011,2011,2,April
846,26/04/2011,2011,2,April
847,27/04/2011,2011,2,April
848,28/04/2011,2011,2,April
849,29/04/2011,2011,2,April
850,30/04/2011,2011,2,April
851,1/05/2011,2011,2,May
852,2/05/2011,2011,2,May
853,3/05/2011,2011,2,May
854,4/05/2011,2011,2,May
855,5/05/2011,2011,2,May
856,6/05/2011,2011,2,May
857,7/05/2011,2011,2,May
858,8/05/2011,2011,2,May
859,9/05/2011,2011,2,May
860,10/05/2011,2011,2,May
861,11/05/2011,2011,2,May
862,12/05/2011,2011,2,May
863,13/05/2011,2011,2,May
864,14/05/2011,2011,2,May
865,15/05/2011,2011,2,May
866,16/05/2011,2011,2,May
867,17/05/2011,2011,2,May
868,18/05/2011,2011,2,May
869,19/05/2011,2011,2,May
870,20/05/2011,2011,2,May
871,21/05/2011,2011,2,May
872,22/05/2011,2011,2,May
873,23/05/2011,2011,2,May
874,24/05/2011,2011,2,May
875,25/05/2011,2011,2,May
876,26/05/2011,2011,2,May
877,27/05/2011,2011,2,May
878,28/05/2011,2011,2,May
879,29/05/2011,2011,2,May
880,30/05/2011,2011,2,May
881,31/05/2011,2011,2,May
882,1/06/2011,2011,2,June
883,2/06/2011,2011,2,June
884,3/06/2011,2011,2,June
885,4/06/2011,2011,2,June
886,5/06/2011,2011,2,June
887,6/06/2011,2011,2,June
888,7/06/2011,2011,2,June
889,8/06/2011,2011,2,June
890,9/06/2011,2011,2,June
891,10/06/2011,2011,2,June
892,11/06/2011,2011,2,June
893,12/06/2011,2011,2,June
894,13/06/2011,2011,2,June
895,14/06/2011,2011,2,June
896,15/06/2011,2011,2,June
897,16/06/2011,2011,2,June
898,17/06/2011,2011,2,June
899,18/06/2011,2011,2,June
900,19/06/2011,2011,2,June
901,20/06/2011,2011,2,June
902,21/06/2011,2011,2,June
903,22/06/2011,2011,2,June
904,23/06/2011,2011,2,June
905,24/06/2011,2011,2,June
906,25/06/2011,2011,2,June
907,26/06/2011,2011,2,June
908,27/06/2011,2011,2,June
909,28/06/2011,2011,2,June
910,29/06/2011,2011,2,June
911,30/06/2011,2011,2,June
912,1/07/2011,2011,3,July
913,2/07/2011,2011,3,July
914,3/07/2011,2011,3,July
915,4/07/2011,2011,3,July
916,5/07/2011,2011,3,July
917,6/07/2011,2011,3,July
918,7/07/2011,2011,3,July
919,8/07/2011,2011,3,July
920,9/07/2011,2011,3,July
921,10/07/2011,2011,3,July
922,11/07/2011,2011,3,July
923,12/07/2011,2011,3,July
924,13/07/2011,2011,3,July
925,14/07/2011,2011,3,July
926,15/07/2011,2011,3,July
927,16/07/2011,2011,3,July
928,17/07/2011,2011,3,July
929,18/07/2011,2011,3,July
930,19/07/2011,2011,3,July
931,20/07/2011,2011,3,July
932,21/07/2011,2011,3,July
933,22/07/2011,2011,3,July
934,23/07/2011,2011,3,July
935,24/07/2011,2011,3,July
936,25/07/2011,2011,3,July
937,26/07/2011,2011,3,July
938,27/07/2011,2011,3,July
939,28/07/2011,2011,3,July
940,29/07/2011,2011,3,July
941,30/07/2011,2011,3,July
942,31/07/2011,2011,3,July
943,1/08/2011,2011,3,August
944,2/08/2011,2011,3,August
945,3/08/2011,2011,3,August
946,4/08/2011,2011,3,August
947,5/08/2011,2011,3,August
948,6/08/2011,2011,3,August
949,7/08/2011,2011,3,August
950,8/08/2011,2011,3,August
951,9/08/2011,2011,3,August
952,10/08/2011,2011,3,August
953,11/08/2011,2011,3,August
954,12/08/2011,2011,3,August
955,13/08/2011,2011,3,August
956,14/08/2011,2011,3,August
957,15/08/2011,2011,3,August
958,16/08/2011,2011,3,August
959,17/08/2011,2011,3,August
960,18/08/2011,2011,3,August
961,19/08/2011,2011,3,August
962,20/08/2011,2011,3,August
963,21/08/2011,2011,3,August
964,22/08/2011,2011,3,August
965,23/08/2011,2011,3,August
966,24/08/2011,2011,3,August
967,25/08/2011,2011,3,August
968,26/08/2011,2011,3,August
969,27/08/2011,2011,3,August
970,28/08/2011,2011,3,August
971,29/08/2011,2011,3,August
972,30/08/2011,2011,3,August
973,31/08/2011,2011,3,August
974,1/09/2011,2011,3,September
975,2/09/2011,2011,3,September
976,3/09/2011,2011,3,September
977,4/09/2011,2011,3,September
978,5/09/2011,2011,3,September
979,6/09/2011,2011,3,September
980,7/09/2011,2011,3,September
981,8/09/2011,2011,3,September
982,9/09/2011,2011,3,September
983,10/09/2011,2011,3,September
984,11/09/2011,2011,3,September
985,12/09/2011,2011,3,September
986,13/09/2011,2011,3,September
987,14/09/2011,2011,3,September
988,15/09/2011,2011,3,September
989,16/09/2011,2011,3,September
990,17/09/2011,2011,3,September
991,18/09/2011,2011,3,September
992,19/09/2011,2011,3,September
993,20/09/2011,2011,3,September
994,21/09/2011,2011,3,September
995,22/09/2011,2011,3,September
996,23/09/2011,2011,3,September
997,24/09/2011,2011,3,September
998,25/09/2011,2011,3,September
999,26/09/2011,2011,3,September
1000,27/09/2011,2011,3,September
1001,28/09/2011,2011,3,September
1002,29/09/2011,2011,3,September
1003,30/09/2011,2011,3,September
1004,1/10/2011,2011,4,October
1005,2/10/2011,2011,4,October
1006,3/10/2011,2011,4,October
1007,4/10/2011,2011,4,October
1008,5/10/2011,2011,4,October
1009,6/10/2011,2011,4,October
1010,7/10/2011,2011,4,October
1011,8/10/2011,2011,4,October
1012,9/10/2011,2011,4,October
1013,10/10/2011,2011,4,October
1014,11/10/2011,2011,4,October
1015,12/10/2011,2011,4,October
1016,13/10/2011,2011,4,October
1017,14/10/2011,2011,4,October
1018,15/10/2011,2011,4,October
1019,16/10/2011,2011,4,October
1020,17/10/2011,2011,4,October
1021,18/10/2011,2011,4,October
1022,19/10/2011,2011,4,October
1023,20/10/2011,2011,4,October
1024,21/10/2011,2011,4,October
1025,22/10/2011,2011,4,October
1026,23/10/2011,2011,4,October
1027,24/10/2011,2011,4,October
1028,25/10/2011,2011,4,October
1029,26/10/2011,2011,4,October
1030,27/10/2011,2011,4,October
1031,28/10/2011,2011,4,October
1032,29/10/2011,2011,4,October
1033,30/10/2011,2011,4,October
1034,31/10/2011,2011,4,October
1035,1/11/2011,2011,4,November
1036,2/11/2011,2011,4,November
1037,3/11/2011,2011,4,November
1038,4/11/2011,2011,4,November
1039,5/11/2011,2011,4,November
1040,6/11/2011,2011,4,November
1041,7/11/2011,2011,4,November
1042,8/11/2011,2011,4,November
1043,9/11/2011,2011,4,November
1044,10/11/2011,2011,4,November
1045,11/11/2011,2011,4,November
1046,12/11/2011,2011,4,November
1047,13/11/2011,2011,4,November
1048,14/11/2011,2011,4,November
1049,15/11/2011,2011,4,November
1050,16/11/2011,2011,4,November
1051,17/11/2011,2011,4,November
1052,18/11/2011,2011,4,November
1053,19/11/2011,2011,4,November
1054,20/11/2011,2011,4,November
1055,21/11/2011,2011,4,November
1056,22/11/2011,2011,4,November
1057,23/11/2011,2011,4,November
1058,24/11/2011,2011,4,November
1059,25/11/2011,2011,4,November
1060,26/11/2011,2011,4,November
1061,27/11/2011,2011,4,November
1062,28/11/2011,2011,4,November
1063,29/11/2011,2011,4,November
1064,30/11/2011,2011,4,November
1065,1/12/2011,2011,4,December
1066,2/12/2011,2011,4,December
1067,3/12/2011,2011,4,December
1068,4/12/2011,2011,4,December
1069,5/12/2011,2011,4,December
1070,6/12/2011,2011,4,December
1071,7/12/2011,2011,4,December
1072,8/12/2011,2011,4,December
1073,9/12/2011,2011,4,December
1074,10/12/2011,2011,4,December
1075,11/12/2011,2011,4,December
1076,12/12/2011,2011,4,December
1077,13/12/2011,2011,4,December
1078,14/12/2011,2011,4,December
1079,15/12/2011,2011,4,December
1080,16/12/2011,2011,4,December
1081,17/12/2011,2011,4,December
1082,18/12/2011,2011,4,December
1083,19/12/2011,2011,4,December
1084,20/12/2011,2011,4,December
1085,21/12/2011,2011,4,December
1086,22/12/2011,2011,4,December
1087,23/12/2011,2011,4,December
1088,24/12/2011,2011,4,December
1089,25/12/2011,2011,4,December
1090,26/12/2011,2011,4,December
1091,27/12/2011,2011,4,December
1092,28/12/2011,2011,4,December
1093,29/12/2011,2011,4,December
1094,30/12/2011,2011,4,December
1095,31/12/2011,2011,4,December
1096,1/01/2012,2012,1,January
1097,2/01/2012,2012,1,January
1098,3/01/2012,2012,1,January
1099,4/01/2012,2012,1,January
1100,5/01/2012,2012,1,January
1101,6/01/2012,2012,1,January
1102,7/01/2012,2012,1,January
1103,8/01/2012,2012,1,January
1104,9/01/2012,2012,1,January
1105,10/01/2012,2012,1,January
1106,11/01/2012,2012,1,January
1107,12/01/2012,2012,1,January
1108,13/01/2012,2012,1,January
1109,14/01/2012,2012,1,January
1110,15/01/2012,2012,1,January
1111,16/01/2012,2012,1,January
1112,17/01/2012,2012,1,January
1113,18/01/2012,2012,1,January
1114,19/01/2012,2012,1,January
1115,20/01/2012,2012,1,January
1116,21/01/2012,2012,1,January
1117,22/01/2012,2012,1,January
1118,23/01/2012,2012,1,January
1119,24/01/2012,2012,1,January
1120,25/01/2012,2012,1,January
1121,26/01/2012,2012,1,January
1122,27/01/2012,2012,1,January
1123,28/01/2012,2012,1,January
1124,29/01/2012,2012,1,January
1125,30/01/2012,2012,1,January
1126,31/01/2012,2012,1,January
1127,1/02/2012,2012,1,February
1128,2/02/2012,2012,1,February
1129,3/02/2012,2012,1,February
1130,4/02/2012,2012,1,February
1131,5/02/2012,2012,1,February
1132,6/02/2012,2012,1,February
1133,7/02/2012,2012,1,February
1134,8/02/2012,2012,1,February
1135,9/02/2012,2012,1,February
1136,10/02/2012,2012,1,February
1137,11/02/2012,2012,1,February
1138,12/02/2012,2012,1,February
1139,13/02/2012,2012,1,February
1140,14/02/2012,2012,1,February
1141,15/02/2012,2012,1,February
1142,16/02/2012,2012,1,February
1143,17/02/2012,2012,1,February
1144,18/02/2012,2012,1,February
1145,19/02/2012,2012,1,February
1146,20/02/2012,2012,1,February
1147,21/02/2012,2012,1,February
1148,22/02/2012,2012,1,February
1149,23/02/2012,2012,1,February
1150,24/02/2012,2012,1,February
1151,25/02/2012,2012,1,February
1152,26/02/2012,2012,1,February
1153,27/02/2012,2012,1,February
1154,28/02/2012,2012,1,February
1155,29/02/2012,2012,1,February
1156,1/03/2012,2012,1,March
1157,2/03/2012,2012,1,March
1158,3/03/2012,2012,1,March
1159,4/03/2012,2012,1,March
1160,5/03/2012,2012,1,March
1161,6/03/2012,2012,1,March
1162,7/03/2012,2012,1,March
1163,8/03/2012,2012,1,March
1164,9/03/2012,2012,1,March
1165,10/03/2012,2012,1,March
1166,11/03/2012,2012,1,March
1167,12/03/2012,2012,1,March
1168,13/03/2012,2012,1,March
1169,14/03/2012,2012,1,March
1170,15/03/2012,2012,1,March
1171,16/03/2012,2012,1,March
1172,17/03/2012,2012,1,March
1173,18/03/2012,2012,1,March
1174,19/03/2012,2012,1,March
1175,20/03/2012,2012,1,March
1176,21/03/2012,2012,1,March
1177,22/03/2012,2012,1,March
1178,23/03/2012,2012,1,March
1179,24/03/2012,2012,1,March
1180,25/03/2012,2012,1,March
1181,26/03/2012,2012,1,March
1182,27/03/2012,2012,1,March
1183,28/03/2012,2012,1,March
1184,29/03/2012,2012,1,March
1185,30/03/2012,2012,1,March
1186,31/03/2012,2012,1,March
1187,1/04/2012,2012,2,April
1188,2/04/2012,2012,2,April
1189,3/04/2012,2012,2,April
1190,4/04/2012,2012,2,April
1191,5/04/2012,2012,2,April
1192,6/04/2012,2012,2,April
1193,7/04/2012,2012,2,April
1194,8/04/2012,2012,2,April
1195,9/04/2012,2012,2,April
1196,10/04/2012,2012,2,April
1197,11/04/2012,2012,2,April
1198,12/04/2012,2012,2,April
1199,13/04/2012,2012,2,April
1200,14/04/2012,2012,2,April
1201,15/04/2012,2012,2,April
1202,16/04/2012,2012,2,April
1203,17/04/2012,2012,2,April
1204,18/04/2012,2012,2,April
1205,19/04/2012,2012,2,April
1206,20/04/2012,2012,2,April
1207,21/04/2012,2012,2,April
1208,22/04/2012,2012,2,April
1209,23/04/2012,2012,2,April
1210,24/04/2012,2012,2,April
1211,25/04/2012,2012,2,April
1212,26/04/2012,2012,2,April
1213,27/04/2012,2012,2,April
1214,28/04/2012,2012,2,April
1215,29/04/2012,2012,2,April
1216,30/04/2012,2012,2,April
1217,1/05/2012,2012,2,May
1218,2/05/2012,2012,2,May
1219,3/05/2012,2012,2,May
1220,4/05/2012,2012,2,May
1221,5/05/2012,2012,2,May
1222,6/05/2012,2012,2,May
1223,7/05/2012,2012,2,May
1224,8/05/2012,2012,2,May
1225,9/05/2012,2012,2,May
1226,10/05/2012,2012,2,May
1227,11/05/2012,2012,2,May
1228,12/05/2012,2012,2,May
1229,13/05/2012,2012,2,May
1230,14/05/2012,2012,2,May
1231,15/05/2012,2012,2,May
1232,16/05/2012,2012,2,May
1233,17/05/2012,2012,2,May
1234,18/05/2012,2012,2,May
1235,19/05/2012,2012,2,May
1236,20/05/2012,2012,2,May
1237,21/05/2012,2012,2,May
1238,22/05/2012,2012,2,May
1239,23/05/2012,2012,2,May
1240,24/05/2012,2012,2,May
1241,25/05/2012,2012,2,May
1242,26/05/2012,2012,2,May
1243,27/05/2012,2012,2,May
1244,28/05/2012,2012,2,May
1245,29/05/2012,2012,2,May
1246,30/05/2012,2012,2,May
1247,31/05/2012,2012,2,May
1248,1/06/2012,2012,2,June
1249,2/06/2012,2012,2,June
1250,3/06/2012,2012,2,June
1251,4/06/2012,2012,2,June
1252,5/06/2012,2012,2,June
1253,6/06/2012,2012,2,June
1254,7/06/2012,2012,2,June
1255,8/06/2012,2012,2,June
1256,9/06/2012,2012,2,June
1257,10/06/2012,2012,2,June
1258,11/06/2012,2012,2,June
1259,12/06/2012,2012,2,June
1260,13/06/2012,2012,2,June
1261,14/06/2012,2012,2,June
1262,15/06/2012,2012,2,June
1263,16/06/2012,2012,2,June
1264,17/06/2012,2012,2,June
1265,18/06/2012,2012,2,June
1266,19/06/2012,2012,2,June
1267,20/06/2012,2012,2,June
1268,21/06/2012,2012,2,June
1269,22/06/2012,2012,2,June
1270,23/06/2012,2012,2,June
1271,24/06/2012,2012,2,June
1272,25/06/2012,2012,2,June
1273,26/06/2012,2012,2,June
1274,27/06/2012,2012,2,June
1275,28/06/2012,2012,2,June
1276,29/06/2012,2012,2,June
1277,30/06/2012,2012,2,June
1278,1/07/2012,2012,3,July
1279,2/07/2012,2012,3,July
1280,3/07/2012,2012,3,July
1281,4/07/2012,2012,3,July
1282,5/07/2012,2012,3,July
1283,6/07/2012,2012,3,July
1284,7/07/2012,2012,3,July
1285,8/07/2012,2012,3,July
1286,9/07/2012,2012,3,July
1287,10/07/2012,2012,3,July
1288,11/07/2012,2012,3,July
1289,12/07/2012,2012,3,July
1290,13/07/2012,2012,3,July
1291,14/07/2012,2012,3,July
1292,15/07/2012,2012,3,July
1293,16/07/2012,2012,3,July
1294,17/07/2012,2012,3,July
1295,18/07/2012,2012,3,July
1296,19/07/2012,2012,3,July
1297,20/07/2012,2012,3,July
1298,21/07/2012,2012,3,July
1299,22/07/2012,2012,3,July
1300,23/07/2012,2012,3,July
1301,24/07/2012,2012,3,July
1302,25/07/2012,2012,3,July
1303,26/07/2012,2012,3,July
1304,27/07/2012,2012,3,July
1305,28/07/2012,2012,3,July
1306,29/07/2012,2012,3,July
1307,30/07/2012,2012,3,July
1308,31/07/2012,2012,3,July
1309,1/08/2012,2012,3,August
1310,2/08/2012,2012,3,August
1311,3/08/2012,2012,3,August
1312,4/08/2012,2012,3,August
1313,5/08/2012,2012,3,August
1314,6/08/2012,2012,3,August
1315,7/08/2012,2012,3,August
1316,8/08/2012,2012,3,August
1317,9/08/2012,2012,3,August
1318,10/08/2012,2012,3,August
1319,11/08/2012,2012,3,August
1320,12/08/2012,2012,3,August
1321,13/08/2012,2012,3,August
1322,14/08/2012,2012,3,August
1323,15/08/2012,2012,3,August
1324,16/08/2012,2012,3,August
1325,17/08/2012,2012,3,August
1326,18/08/2012,2012,3,August
1327,19/08/2012,2012,3,August
1328,20/08/2012,2012,3,August
1329,21/08/2012,2012,3,August
1330,22/08/2012,2012,3,August
1331,23/08/2012,2012,3,August
1332,24/08/2012,2012,3,August
1333,25/08/2012,2012,3,August
1334,26/08/2012,2012,3,August
1335,27/08/2012,2012,3,August
1336,28/08/2012,2012,3,August
1337,29/08/2012,2012,3,August
1338,30/08/2012,2012,3,August
1339,31/08/2012,2012,3,August
1340,1/09/2012,2012,3,September
1341,2/09/2012,2012,3,September
1342,3/09/2012,2012,3,September
1343,4/09/2012,2012,3,September
1344,5/09/2012,2012,3,September
1345,6/09/2012,2012,3,September
1346,7/09/2012,2012,3,September
1347,8/09/2012,2012,3,September
1348,9/09/2012,2012,3,September
1349,10/09/2012,2012,3,September
1350,11/09/2012,2012,3,September
1351,12/09/2012,2012,3,September
1352,13/09/2012,2012,3,September
1353,14/09/2012,2012,3,September
1354,15/09/2012,2012,3,September
1355,16/09/2012,2012,3,September
1356,17/09/2012,2012,3,September
1357,18/09/2012,2012,3,September
1358,19/09/2012,2012,3,September
1359,20/09/2012,2012,3,September
1360,21/09/2012,2012,3,September
1361,22/09/2012,2012,3,September
1362,23/09/2012,2012,3,September
1363,24/09/2012,2012,3,September
1364,25/09/2012,2012,3,September
1365,26/09/2012,2012,3,September
1366,27/09/2012,2012,3,September
1367,28/09/2012,2012,3,September
1368,29/09/2012,2012,3,September
1369,30/09/2012,2012,3,September
1370,1/10/2012,2012,4,October
1371,2/10/2012,2012,4,October
1372,3/10/2012,2012,4,October
1373,4/10/2012,2012,4,October
1374,5/10/2012,2012,4,October
1375,6/10/2012,2012,4,October
1376,7/10/2012,2012,4,October
1377,8/10/2012,2012,4,October
1378,9/10/2012,2012,4,October
1379,10/10/2012,2012,4,October
1380,11/10/2012,2012,4,October
1381,12/10/2012,2012,4,October
1382,13/10/2012,2012,4,October
1383,14/10/2012,2012,4,October
1384,15/10/2012,2012,4,October
1385,16/10/2012,2012,4,October
1386,17/10/2012,2012,4,October
1387,18/10/2012,2012,4,October
1388,19/10/2012,2012,4,October
1389,20/10/2012,2012,4,October
1390,21/10/2012,2012,4,October
1391,22/10/2012,2012,4,October
1392,23/10/2012,2012,4,October
1393,24/10/2012,2012,4,October
1394,25/10/2012,2012,4,October
1395,26/10/2012,2012,4,October
1396,27/10/2012,2012,4,October
1397,28/10/2012,2012,4,October
1398,29/10/2012,2012,4,October
1399,30/10/2012,2012,4,October
1400,31/10/2012,2012,4,October
1401,1/11/2012,2012,4,November
1402,2/11/2012,2012,4,November
1403,3/11/2012,2012,4,November
1404,4/11/2012,2012,4,November
1405,5/11/2012,2012,4,November
1406,6/11/2012,2012,4,November
1407,7/11/2012,2012,4,November
1408,8/11/2012,2012,4,November
1409,9/11/2012,2012,4,November
1410,10/11/2012,2012,4,November
1411,11/11/2012,2012,4,November
1412,12/11/2012,2012,4,November
1413,13/11/2012,2012,4,November
1414,14/11/2012,2012,4,November
1415,15/11/2012,2012,4,November
1416,16/11/2012,2012,4,November
1417,17/11/2012,2012,4,November
1418,18/11/2012,2012,4,November
1419,19/11/2012,2012,4,November
1420,20/11/2012,2012,4,November
1421,21/11/2012,2012,4,November
1422,22/11/2012,2012,4,November
1423,23/11/2012,2012,4,November
1424,24/11/2012,2012,4,November
1425,25/11/2012,2012,4,November
1426,26/11/2012,2012,4,November
1427,27/11/2012,2012,4,November
1428,28/11/2012,2012,4,November
1429,29/11/2012,2012,4,November
1430,30/11/2012,2012,4,November
1431,1/12/2012,2012,4,December
1432,2/12/2012,2012,4,December
1433,3/12/2012,2012,4,December
1434,4/12/2012,2012,4,December
1435,5/12/2012,2012,4,December
1436,6/12/2012,2012,4,December
1437,7/12/2012,2012,4,December
1438,8/12/2012,2012,4,December
1439,9/12/2012,2012,4,December
1440,10/12/2012,2012,4,December
1441,11/12/2012,2012,4,December
1442,12/12/2012,2012,4,December
1443,13/12/2012,2012,4,December
1444,14/12/2012,2012,4,December
1445,15/12/2012,2012,4,December
1446,16/12/2012,2012,4,December
1447,17/12/2012,2012,4,December
1448,18/12/2012,2012,4,December
1449,19/12/2012,2012,4,December
1450,20/12/2012,2012,4,December
1451,21/12/2012,2012,4,December
1452,22/12/2012,2012,4,December
1453,23/12/2012,2012,4,December
1454,24/12/2012,2012,4,December
1455,25/12/2012,2012,4,December
1456,26/12/2012,2012,4,December
1457,27/12/2012,2012,4,December
1458,28/12/2012,2012,4,December
1459,29/12/2012,2012,4,December
1460,30/12/2012,2012,4,December
1461,31/12/2012,2012,4,December
1462,1/01/2013,2013,1,January
1463,2/01/2013,2013,1,January
1464,3/01/2013,2013,1,January
1465,4/01/2013,2013,1,January
1466,5/01/2013,2013,1,January
1467,6/01/2013,2013,1,January
1468,7/01/2013,2013,1,January
1469,8/01/2013,2013,1,January
1470,9/01/2013,2013,1,January
1471,10/01/2013,2013,1,January
1472,11/01/2013,2013,1,January
1473,12/01/2013,2013,1,January
1474,13/01/2013,2013,1,January
1475,14/01/2013,2013,1,January
1476,15/01/2013,2013,1,January
1477,16/01/2013,2013,1,January
1478,17/01/2013,2013,1,January
1479,18/01/2013,2013,1,January
1480,19/01/2013,2013,1,January
1481,20/01/2013,2013,1,January
1482,21/01/2013,2013,1,January
1483,22/01/2013,2013,1,January
1484,23/01/2013,2013,1,January
1485,24/01/2013,2013,1,January
1486,25/01/2013,2013,1,January
1487,26/01/2013,2013,1,January
1488,27/01/2013,2013,1,January
1489,28/01/2013,2013,1,January
1490,29/01/2013,2013,1,January
1491,30/01/2013,2013,1,January
1492,31/01/2013,2013,1,January
1493,1/02/2013,2013,1,February
1494,2/02/2013,2013,1,February
1495,3/02/2013,2013,1,February
1496,4/02/2013,2013,1,February
1497,5/02/2013,2013,1,February
1498,6/02/2013,2013,1,February
1499,7/02/2013,2013,1,February
1500,8/02/2013,2013,1,February
1501,9/02/2013,2013,1,February
1502,10/02/2013,2013,1,February
1503,11/02/2013,2013,1,February
1504,12/02/2013,2013,1,February
1505,13/02/2013,2013,1,February
1506,14/02/2013,2013,1,February
1507,15/02/2013,2013,1,February
1508,16/02/2013,2013,1,February
1509,17/02/2013,2013,1,February
1510,18/02/2013,2013,1,February
1511,19/02/2013,2013,1,February
1512,20/02/2013,2013,1,February
1513,21/02/2013,2013,1,February
1514,22/02/2013,2013,1,February
1515,23/02/2013,2013,1,February
1516,24/02/2013,2013,1,February
1517,25/02/2013,2013,1,February
1518,26/02/2013,2013,1,February
1519,27/02/2013,2013,1,February
1520,28/02/2013,2013,1,February
1521,1/03/2013,2013,1,March
1522,2/03/2013,2013,1,March
1523,3/03/2013,2013,1,March
1524,4/03/2013,2013,1,March
1525,5/03/2013,2013,1,March
1526,6/03/2013,2013,1,March
1527,7/03/2013,2013,1,March
1528,8/03/2013,2013,1,March
1529,9/03/2013,2013,1,March
1530,10/03/2013,2013,1,March
1531,11/03/2013,2013,1,March
1532,12/03/2013,2013,1,March
1533,13/03/2013,2013,1,March
1534,14/03/2013,2013,1,March
1535,15/03/2013,2013,1,March
1536,16/03/2013,2013,1,March
1537,17/03/2013,2013,1,March
1538,18/03/2013,2013,1,March
1539,19/03/2013,2013,1,March
1540,20/03/2013,2013,1,March
1541,21/03/2013,2013,1,March
1542,22/03/2013,2013,1,March
1543,23/03/2013,2013,1,March
1544,24/03/2013,2013,1,March
1545,25/03/2013,2013,1,March
1546,26/03/2013,2013,1,March
1547,27/03/2013,2013,1,March
1548,28/03/2013,2013,1,March
1549,29/03/2013,2013,1,March
1550,30/03/2013,2013,1,March
1551,31/03/2013,2013,1,March
1552,1/04/2013,2013,2,April
1553,2/04/2013,2013,2,April
1554,3/04/2013,2013,2,April
1555,4/04/2013,2013,2,April
1556,5/04/2013,2013,2,April
1557,6/04/2013,2013,2,April
1558,7/04/2013,2013,2,April
1559,8/04/2013,2013,2,April
1560,9/04/2013,2013,2,April
1561,10/04/2013,2013,2,April
1562,11/04/2013,2013,2,April
1563,12/04/2013,2013,2,April
1564,13/04/2013,2013,2,April
1565,14/04/2013,2013,2,April
1566,15/04/2013,2013,2,April
1567,16/04/2013,2013,2,April
1568,17/04/2013,2013,2,April
1569,18/04/2013,2013,2,April
1570,19/04/2013,2013,2,April
1571,20/04/2013,2013,2,April
1572,21/04/2013,2013,2,April
1573,22/04/2013,2013,2,April
1574,23/04/2013,2013,2,April
1575,24/04/2013,2013,2,April
1576,25/04/2013,2013,2,April
1577,26/04/2013,2013,2,April
1578,27/04/2013,2013,2,April
1579,28/04/2013,2013,2,April
1580,29/04/2013,2013,2,April
1581,30/04/2013,2013,2,April
1582,1/05/2013,2013,2,May
1583,2/05/2013,2013,2,May
1584,3/05/2013,2013,2,May
1585,4/05/2013,2013,2,May
1586,5/05/2013,2013,2,May
1587,6/05/2013,2013,2,May
1588,7/05/2013,2013,2,May
1589,8/05/2013,2013,2,May
1590,9/05/2013,2013,2,May
1591,10/05/2013,2013,2,May
1592,11/05/2013,2013,2,May
1593,12/05/2013,2013,2,May
1594,13/05/2013,2013,2,May
1595,14/05/2013,2013,2,May
1596,15/05/2013,2013,2,May
1597,16/05/2013,2013,2,May
1598,17/05/2013,2013,2,May
1599,18/05/2013,2013,2,May
1600,19/05/2013,2013,2,May
1601,20/05/2013,2013,2,May
1602,21/05/2013,2013,2,May
1603,22/05/2013,2013,2,May
1604,23/05/2013,2013,2,May
1605,24/05/2013,2013,2,May
1606,25/05/2013,2013,2,May
1607,26/05/2013,2013,2,May
1608,27/05/2013,2013,2,May
1609,28/05/2013,2013,2,May
1610,29/05/2013,2013,2,May
1611,30/05/2013,2013,2,May
1612,31/05/2013,2013,2,May
1613,1/06/2013,2013,2,June
1614,2/06/2013,2013,2,June
1615,3/06/2013,2013,2,June
1616,4/06/2013,2013,2,June
1617,5/06/2013,2013,2,June
1618,6/06/2013,2013,2,June
1619,7/06/2013,2013,2,June
1620,8/06/2013,2013,2,June
1621,9/06/2013,2013,2,June
1622,10/06/2013,2013,2,June
1623,11/06/2013,2013,2,June
1624,12/06/2013,2013,2,June
1625,13/06/2013,2013,2,June
1626,14/06/2013,2013,2,June
1627,15/06/2013,2013,2,June
1628,16/06/2013,2013,2,June
1629,17/06/2013,2013,2,June
1630,18/06/2013,2013,2,June
1631,19/06/2013,2013,2,June
1632,20/06/2013,2013,2,June
1633,21/06/2013,2013,2,June
1634,22/06/2013,2013,2,June
1635,23/06/2013,2013,2,June
1636,24/06/2013,2013,2,June
1637,25/06/2013,2013,2,June
1638,26/06/2013,2013,2,June
1639,27/06/2013,2013,2,June
1640,28/06/2013,2013,2,June
1641,29/06/2013,2013,2,June
1642,30/06/2013,2013,2,June
1643,1/07/2013,2013,3,July
1644,2/07/2013,2013,3,July
1645,3/07/2013,2013,3,July
1646,4/07/2013,2013,3,July
1647,5/07/2013,2013,3,July
1648,6/07/2013,2013,3,July
1649,7/07/2013,2013,3,July
1650,8/07/2013,2013,3,July
1651,9/07/2013,2013,3,July
1652,10/07/2013,2013,3,July
1653,11/07/2013,2013,3,July
1654,12/07/2013,2013,3,July
1655,13/07/2013,2013,3,July
1656,14/07/2013,2013,3,July
1657,15/07/2013,2013,3,July
1658,16/07/2013,2013,3,July
1659,17/07/2013,2013,3,July
1660,18/07/2013,2013,3,July
1661,19/07/2013,2013,3,July
1662,20/07/2013,2013,3,July
1663,21/07/2013,2013,3,July
1664,22/07/2013,2013,3,July
1665,23/07/2013,2013,3,July
1666,24/07/2013,2013,3,July
1667,25/07/2013,2013,3,July
1668,26/07/2013,2013,3,July
1669,27/07/2013,2013,3,July
1670,28/07/2013,2013,3,July
1671,29/07/2013,2013,3,July
1672,30/07/2013,2013,3,July
1673,31/07/2013,2013,3,July
1674,1/08/2013,2013,3,August
1675,2/08/2013,2013,3,August
1676,3/08/2013,2013,3,August
1677,4/08/2013,2013,3,August
1678,5/08/2013,2013,3,August
1679,6/08/2013,2013,3,August
1680,7/08/2013,2013,3,August
1681,8/08/2013,2013,3,August
1682,9/08/2013,2013,3,August
1683,10/08/2013,2013,3,August
1684,11/08/2013,2013,3,August
1685,12/08/2013,2013,3,August
1686,13/08/2013,2013,3,August
1687,14/08/2013,2013,3,August
1688,15/08/2013,2013,3,August
1689,16/08/2013,2013,3,August
1690,17/08/2013,2013,3,August
1691,18/08/2013,2013,3,August
1692,19/08/2013,2013,3,August
1693,20/08/2013,2013,3,August
1694,21/08/2013,2013,3,August
1695,22/08/2013,2013,3,August
1696,23/08/2013,2013,3,August
1697,24/08/2013,2013,3,August
1698,25/08/2013,2013,3,August
1699,26/08/2013,2013,3,August
1700,27/08/2013,2013,3,August
1701,28/08/2013,2013,3,August
1702,29/08/2013,2013,3,August
1703,30/08/2013,2013,3,August
1704,31/08/2013,2013,3,August
1705,1/09/2013,2013,3,September
1706,2/09/2013,2013,3,September
1707,3/09/2013,2013,3,September
1708,4/09/2013,2013,3,September
1709,5/09/2013,2013,3,September
1710,6/09/2013,2013,3,September
1711,7/09/2013,2013,3,September
1712,8/09/2013,2013,3,September
1713,9/09/2013,2013,3,September
1714,10/09/2013,2013,3,September
1715,11/09/2013,2013,3,September
1716,12/09/2013,2013,3,September
1717,13/09/2013,2013,3,September
1718,14/09/2013,2013,3,September
1719,15/09/2013,2013,3,September
1720,16/09/2013,2013,3,September
1721,17/09/2013,2013,3,September
1722,18/09/2013,2013,3,September
1723,19/09/2013,2013,3,September
1724,20/09/2013,2013,3,September
1725,21/09/2013,2013,3,September
1726,22/09/2013,2013,3,September
1727,23/09/2013,2013,3,September
1728,24/09/2013,2013,3,September
1729,25/09/2013,2013,3,September
1730,26/09/2013,2013,3,September
1731,27/09/2013,2013,3,September
1732,28/09/2013,2013,3,September
1733,29/09/2013,2013,3,September
1734,30/09/2013,2013,3,September
1735,1/10/2013,2013,4,October
1736,2/10/2013,2013,4,October
1737,3/10/2013,2013,4,October
1738,4/10/2013,2013,4,October
1739,5/10/2013,2013,4,October
1740,6/10/2013,2013,4,October
1741,7/10/2013,2013,4,October
1742,8/10/2013,2013,4,October
1743,9/10/2013,2013,4,October
1744,10/10/2013,2013,4,October
1745,11/10/2013,2013,4,October
1746,12/10/2013,2013,4,October
1747,13/10/2013,2013,4,October
1748,14/10/2013,2013,4,October
1749,15/10/2013,2013,4,October
1750,16/10/2013,2013,4,October
1751,17/10/2013,2013,4,October
1752,18/10/2013,2013,4,October
1753,19/10/2013,2013,4,October
1754,20/10/2013,2013,4,October
1755,21/10/2013,2013,4,October
1756,22/10/2013,2013,4,October
1757,23/10/2013,2013,4,October
1758,24/10/2013,2013,4,October
1759,25/10/2013,2013,4,October
1760,26/10/2013,2013,4,October
1761,27/10/2013,2013,4,October
1762,28/10/2013,2013,4,October
1763,29/10/2013,2013,4,October
1764,30/10/2013,2013,4,October
1765,31/10/2013,2013,4,October
1766,1/11/2013,2013,4,November
1767,2/11/2013,2013,4,November
1768,3/11/2013,2013,4,November
1769,4/11/2013,2013,4,November
1770,5/11/2013,2013,4,November
1771,6/11/2013,2013,4,November
1772,7/11/2013,2013,4,November
1773,8/11/2013,2013,4,November
1774,9/11/2013,2013,4,November
1775,10/11/2013,2013,4,November
1776,11/11/2013,2013,4,November
1777,12/11/2013,2013,4,November
1778,13/11/2013,2013,4,November
1779,14/11/2013,2013,4,November
1780,15/11/2013,2013,4,November
1781,16/11/2013,2013,4,November
1782,17/11/2013,2013,4,November
1783,18/11/2013,2013,4,November
1784,19/11/2013,2013,4,November
1785,20/11/2013,2013,4,November
1786,21/11/2013,2013,4,November
1787,22/11/2013,2013,4,November
1788,23/11/2013,2013,4,November
1789,24/11/2013,2013,4,November
1790,25/11/2013,2013,4,November
1791,26/11/2013,2013,4,November
1792,27/11/2013,2013,4,November
1793,28/11/2013,2013,4,November
1794,29/11/2013,2013,4,November
1795,30/11/2013,2013,4,November
1796,1/12/2013,2013,4,December
1797,2/12/2013,2013,4,December
1798,3/12/2013,2013,4,December
1799,4/12/2013,2013,4,December
1800,5/12/2013,2013,4,December
1801,6/12/2013,2013,4,December
1802,7/12/2013,2013,4,December
1803,8/12/2013,2013,4,December
1804,9/12/2013,2013,4,December
1805,10/12/2013,2013,4,December
1806,11/12/2013,2013,4,December
1807,12/12/2013,2013,4,December
1808,13/12/2013,2013,4,December
1809,14/12/2013,2013,4,December
1810,15/12/2013,2013,4,December
1811,16/12/2013,2013,4,December
1812,17/12/2013,2013,4,December
1813,18/12/2013,2013,4,December
1814,19/12/2013,2013,4,December
1815,20/12/2013,2013,4,December
1816,21/12/2013,2013,4,December
1817,22/12/2013,2013,4,December
1818,23/12/2013,2013,4,December
1819,24/12/2013,2013,4,December
1820,25/12/2013,2013,4,December
1821,26/12/2013,2013,4,December
1822,27/12/2013,2013,4,December
1823,28/12/2013,2013,4,December
1824,29/12/2013,2013,4,December
1825,30/12/2013,2013,4,December
1826,31/12/2013,2013,4,December
1827,1/01/2014,2014,1,January
1828,2/01/2014,2014,1,January
1829,3/01/2014,2014,1,January
1830,4/01/2014,2014,1,January
1831,5/01/2014,2014,1,January
1832,6/01/2014,2014,1,January
1833,7/01/2014,2014,1,January
1834,8/01/2014,2014,1,January
1835,9/01/2014,2014,1,January
1836,10/01/2014,2014,1,January
1837,11/01/2014,2014,1,January
1838,12/01/2014,2014,1,January
1839,13/01/2014,2014,1,January
1840,14/01/2014,2014,1,January
1841,15/01/2014,2014,1,January
1842,16/01/2014,2014,1,January
1843,17/01/2014,2014,1,January
1844,18/01/2014,2014,1,January
1845,19/01/2014,2014,1,January
1846,20/01/2014,2014,1,January
1847,21/01/2014,2014,1,January
1848,22/01/2014,2014,1,January
1849,23/01/2014,2014,1,January
1850,24/01/2014,2014,1,January
1851,25/01/2014,2014,1,January
1852,26/01/2014,2014,1,January
1853,27/01/2014,2014,1,January
1854,28/01/2014,2014,1,January
1855,29/01/2014,2014,1,January
1856,30/01/2014,2014,1,January
1857,31/01/2014,2014,1,January
1858,1/02/2014,2014,1,February
1859,2/02/2014,2014,1,February
1860,3/02/2014,2014,1,February
1861,4/02/2014,2014,1,February
1862,5/02/2014,2014,1,February
1863,6/02/2014,2014,1,February
1864,7/02/2014,2014,1,February
1865,8/02/2014,2014,1,February
1866,9/02/2014,2014,1,February
1867,10/02/2014,2014,1,February
1868,11/02/2014,2014,1,February
1869,12/02/2014,2014,1,February
1870,13/02/2014,2014,1,February
1871,14/02/2014,2014,1,February
1872,15/02/2014,2014,1,February
1873,16/02/2014,2014,1,February
1874,17/02/2014,2014,1,February
1875,18/02/2014,2014,1,February
1876,19/02/2014,2014,1,February
1877,20/02/2014,2014,1,February
1878,21/02/2014,2014,1,February
1879,22/02/2014,2014,1,February
1880,23/02/2014,2014,1,February
1881,24/02/2014,2014,1,February
1882,25/02/2014,2014,1,February
1883,26/02/2014,2014,1,February
1884,27/02/2014,2014,1,February
1885,28/02/2014,2014,1,February
1886,1/03/2014,2014,1,March
1887,2/03/2014,2014,1,March
1888,3/03/2014,2014,1,March
1889,4/03/2014,2014,1,March
1890,5/03/2014,2014,1,March
1891,6/03/2014,2014,1,March
1892,7/03/2014,2014,1,March
1893,8/03/2014,2014,1,March
1894,9/03/2014,2014,1,March
1895,10/03/2014,2014,1,March
1896,11/03/2014,2014,1,March
1897,12/03/2014,2014,1,March
1898,13/03/2014,2014,1,March
1899,14/03/2014,2014,1,March
1900,15/03/2014,2014,1,March
1901,16/03/2014,2014,1,March
1902,17/03/2014,2014,1,March
1903,18/03/2014,2014,1,March
1904,19/03/2014,2014,1,March
1905,20/03/2014,2014,1,March
1906,21/03/2014,2014,1,March
1907,22/03/2014,2014,1,March
1908,23/03/2014,2014,1,March
1909,24/03/2014,2014,1,March
1910,25/03/2014,2014,1,March
1911,26/03/2014,2014,1,March
1912,27/03/2014,2014,1,March
1913,28/03/2014,2014,1,March
1914,29/03/2014,2014,1,March
1915,30/03/2014,2014,1,March
1916,31/03/2014,2014,1,March
1917,1/04/2014,2014,2,April
1918,2/04/2014,2014,2,April
1919,3/04/2014,2014,2,April
1920,4/04/2014,2014,2,April
1921,5/04/2014,2014,2,April
1922,6/04/2014,2014,2,April
1923,7/04/2014,2014,2,April
1924,8/04/2014,2014,2,April
1925,9/04/2014,2014,2,April
1926,10/04/2014,2014,2,April
1927,11/04/2014,2014,2,April
1928,12/04/2014,2014,2,April
1929,13/04/2014,2014,2,April
1930,14/04/2014,2014,2,April
1931,15/04/2014,2014,2,April
1932,16/04/2014,2014,2,April
1933,17/04/2014,2014,2,April
1934,18/04/2014,2014,2,April
1935,19/04/2014,2014,2,April
1936,20/04/2014,2014,2,April
1937,21/04/2014,2014,2,April
1938,22/04/2014,2014,2,April
1939,23/04/2014,2014,2,April
1940,24/04/2014,2014,2,April
1941,25/04/2014,2014,2,April
1942,26/04/2014,2014,2,April
1943,27/04/2014,2014,2,April
1944,28/04/2014,2014,2,April
1945,29/04/2014,2014,2,April
1946,30/04/2014,2014,2,April
1947,1/05/2014,2014,2,May
1948,2/05/2014,2014,2,May
1949,3/05/2014,2014,2,May
1950,4/05/2014,2014,2,May
1951,5/05/2014,2014,2,May
1952,6/05/2014,2014,2,May
1953,7/05/2014,2014,2,May
1954,8/05/2014,2014,2,May
1955,9/05/2014,2014,2,May
1956,10/05/2014,2014,2,May
1957,11/05/2014,2014,2,May
1958,12/05/2014,2014,2,May
1959,13/05/2014,2014,2,May
1960,14/05/2014,2014,2,May
1961,15/05/2014,2014,2,May
1962,16/05/2014,2014,2,May
1963,17/05/2014,2014,2,May
1964,18/05/2014,2014,2,May
1965,19/05/2014,2014,2,May
1966,20/05/2014,2014,2,May
1967,21/05/2014,2014,2,May
1968,22/05/2014,2014,2,May
1969,23/05/2014,2014,2,May
1970,24/05/2014,2014,2,May
1971,25/05/2014,2014,2,May
1972,26/05/2014,2014,2,May
1973,27/05/2014,2014,2,May
1974,28/05/2014,2014,2,May
1975,29/05/2014,2014,2,May
1976,30/05/2014,2014,2,May
1977,31/05/2014,2014,2,May
1978,1/06/2014,2014,2,June
1979,2/06/2014,2014,2,June
1980,3/06/2014,2014,2,June
1981,4/06/2014,2014,2,June
1982,5/06/2014,2014,2,June
1983,6/06/2014,2014,2,June
1984,7/06/2014,2014,2,June
1985,8/06/2014,2014,2,June
1986,9/06/2014,2014,2,June
1987,10/06/2014,2014,2,June
1988,11/06/2014,2014,2,June
1989,12/06/2014,2014,2,June
1990,13/06/2014,2014,2,June
1991,14/06/2014,2014,2,June
1992,15/06/2014,2014,2,June
1993,16/06/2014,2014,2,June
1994,17/06/2014,2014,2,June
1995,18/06/2014,2014,2,June
1996,19/06/2014,2014,2,June
1997,20/06/2014,2014,2,June
1998,21/06/2014,2014,2,June
1999,22/06/2014,2014,2,June
2000,23/06/2014,2014,2,June
2001,24/06/2014,2014,2,June
2002,25/06/2014,2014,2,June
2003,26/06/2014,2014,2,June
2004,27/06/2014,2014,2,June
2005,28/06/2014,2014,2,June
2006,29/06/2014,2014,2,June
2007,30/06/2014,2014,2,June
2008,1/07/2014,2014,3,July
2009,2/07/2014,2014,3,July
2010,3/07/2014,2014,3,July
2011,4/07/2014,2014,3,July
2012,5/07/2014,2014,3,July
2013,6/07/2014,2014,3,July
2014,7/07/2014,2014,3,July
2015,8/07/2014,2014,3,July
2016,9/07/2014,2014,3,July
2017,10/07/2014,2014,3,July
2018,11/07/2014,2014,3,July
2019,12/07/2014,2014,3,July
2020,13/07/2014,2014,3,July
2021,14/07/2014,2014,3,July
2022,15/07/2014,2014,3,July
2023,16/07/2014,2014,3,July
2024,17/07/2014,2014,3,July
2025,18/07/2014,2014,3,July
2026,19/07/2014,2014,3,July
2027,20/07/2014,2014,3,July
2028,21/07/2014,2014,3,July
2029,22/07/2014,2014,3,July
2030,23/07/2014,2014,3,July
2031,24/07/2014,2014,3,July
2032,25/07/2014,2014,3,July
2033,26/07/2014,2014,3,July
2034,27/07/2014,2014,3,July
2035,28/07/2014,2014,3,July
2036,29/07/2014,2014,3,July
2037,30/07/2014,2014,3,July
2038,31/07/2014,2014,3,July
2039,1/08/2014,2014,3,August
2040,2/08/2014,2014,3,August
2041,3/08/2014,2014,3,August
2042,4/08/2014,2014,3,August
2043,5/08/2014,2014,3,August
2044,6/08/2014,2014,3,August
2045,7/08/2014,2014,3,August
2046,8/08/2014,2014,3,August
2047,9/08/2014,2014,3,August
2048,10/08/2014,2014,3,August
2049,11/08/2014,2014,3,August
2050,12/08/2014,2014,3,August
2051,13/08/2014,2014,3,August
2052,14/08/2014,2014,3,August
2053,15/08/2014,2014,3,August
2054,16/08/2014,2014,3,August
2055,17/08/2014,2014,3,August
2056,18/08/2014,2014,3,August
2057,19/08/2014,2014,3,August
2058,20/08/2014,2014,3,August
2059,21/08/2014,2014,3,August
2060,22/08/2014,2014,3,August
2061,23/08/2014,2014,3,August
2062,24/08/2014,2014,3,August
2063,25/08/2014,2014,3,August
2064,26/08/2014,2014,3,August
2065,27/08/2014,2014,3,August
2066,28/08/2014,2014,3,August
2067,29/08/2014,2014,3,August
2068,30/08/2014,2014,3,August
2069,31/08/2014,2014,3,August
2070,1/09/2014,2014,3,September
2071,2/09/2014,2014,3,September
2072,3/09/2014,2014,3,September
2073,4/09/2014,2014,3,September
2074,5/09/2014,2014,3,September
2075,6/09/2014,2014,3,September
2076,7/09/2014,2014,3,September
2077,8/09/2014,2014,3,September
2078,9/09/2014,2014,3,September
2079,10/09/2014,2014,3,September
2080,11/09/2014,2014,3,September
2081,12/09/2014,2014,3,September
2082,13/09/2014,2014,3,September
2083,14/09/2014,2014,3,September
2084,15/09/2014,2014,3,September
2085,16/09/2014,2014,3,September
2086,17/09/2014,2014,3,September
2087,18/09/2014,2014,3,September
2088,19/09/2014,2014,3,September
2089,20/09/2014,2014,3,September
2090,21/09/2014,2014,3,September
2091,22/09/2014,2014,3,September
2092,23/09/2014,2014,3,September
2093,24/09/2014,2014,3,September
2094,25/09/2014,2014,3,September
2095,26/09/2014,2014,3,September
2096,27/09/2014,2014,3,September
2097,28/09/2014,2014,3,September
2098,29/09/2014,2014,3,September
2099,30/09/2014,2014,3,September
2100,1/10/2014,2014,4,October
2101,2/10/2014,2014,4,October
2102,3/10/2014,2014,4,October
2103,4/10/2014,2014,4,October
2104,5/10/2014,2014,4,October
2105,6/10/2014,2014,4,October
2106,7/10/2014,2014,4,October
2107,8/10/2014,2014,4,October
2108,9/10/2014,2014,4,October
2109,10/10/2014,2014,4,October
2110,11/10/2014,2014,4,October
2111,12/10/2014,2014,4,October
2112,13/10/2014,2014,4,October
2113,14/10/2014,2014,4,October
2114,15/10/2014,2014,4,October
2115,16/10/2014,2014,4,October
2116,17/10/2014,2014,4,October
2117,18/10/2014,2014,4,October
2118,19/10/2014,2014,4,October
2119,20/10/2014,2014,4,October
2120,21/10/2014,2014,4,October
2121,22/10/2014,2014,4,October
2122,23/10/2014,2014,4,October
2123,24/10/2014,2014,4,October
2124,25/10/2014,2014,4,October
2125,26/10/2014,2014,4,October
2126,27/10/2014,2014,4,October
2127,28/10/2014,2014,4,October
2128,29/10/2014,2014,4,October
2129,30/10/2014,2014,4,October
2130,31/10/2014,2014,4,October
2131,1/11/2014,2014,4,November
2132,2/11/2014,2014,4,November
2133,3/11/2014,2014,4,November
2134,4/11/2014,2014,4,November
2135,5/11/2014,2014,4,November
2136,6/11/2014,2014,4,November
2137,7/11/2014,2014,4,November
2138,8/11/2014,2014,4,November
2139,9/11/2014,2014,4,November
2140,10/11/2014,2014,4,November
2141,11/11/2014,2014,4,November
2142,12/11/2014,2014,4,November
2143,13/11/2014,2014,4,November
2144,14/11/2014,2014,4,November
2145,15/11/2014,2014,4,November
2146,16/11/2014,2014,4,November
2147,17/11/2014,2014,4,November
2148,18/11/2014,2014,4,November
2149,19/11/2014,2014,4,November
2150,20/11/2014,2014,4,November
2151,21/11/2014,2014,4,November
2152,22/11/2014,2014,4,November
2153,23/11/2014,2014,4,November
2154,24/11/2014,2014,4,November
2155,25/11/2014,2014,4,November
2156,26/11/2014,2014,4,November
2157,27/11/2014,2014,4,November
2158,28/11/2014,2014,4,November
2159,29/11/2014,2014,4,November
2160,30/11/2014,2014,4,November
2161,1/12/2014,2014,4,December
2162,2/12/2014,2014,4,December
2163,3/12/2014,2014,4,December
2164,4/12/2014,2014,4,December
2165,5/12/2014,2014,4,December
2166,6/12/2014,2014,4,December
2167,7/12/2014,2014,4,December
2168,8/12/2014,2014,4,December
2169,9/12/2014,2014,4,December
2170,10/12/2014,2014,4,December
2171,11/12/2014,2014,4,December
2172,12/12/2014,2014,4,December
2173,13/12/2014,2014,4,December
2174,14/12/2014,2014,4,December
2175,15/12/2014,2014,4,December
2176,16/12/2014,2014,4,December
2177,17/12/2014,2014,4,December
2178,18/12/2014,2014,4,December
2179,19/12/2014,2014,4,December
2180,20/12/2014,2014,4,December
2181,21/12/2014,2014,4,December
2182,22/12/2014,2014,4,December
2183,23/12/2014,2014,4,December
2184,24/12/2014,2014,4,December
2185,25/12/2014,2014,4,December
2186,26/12/2014,2014,4,December
2187,27/12/2014,2014,4,December
2188,28/12/2014,2014,4,December
2189,29/12/2014,2014,4,December
2190,30/12/2014,2014,4,December
2191,31/12/2014,2014,4,December
2192,1/01/2015,2015,1,January
2193,2/01/2015,2015,1,January
2194,3/01/2015,2015,1,January
2195,4/01/2015,2015,1,January
2196,5/01/2015,2015,1,January
2197,6/01/2015,2015,1,January
2198,7/01/2015,2015,1,January
2199,8/01/2015,2015,1,January
2200,9/01/2015,2015,1,January
2201,10/01/2015,2015,1,January
2202,11/01/2015,2015,1,January
2203,12/01/2015,2015,1,January
2204,13/01/2015,2015,1,January
2205,14/01/2015,2015,1,January
2206,15/01/2015,2015,1,January
2207,16/01/2015,2015,1,January
2208,17/01/2015,2015,1,January
2209,18/01/2015,2015,1,January
2210,19/01/2015,2015,1,January
2211,20/01/2015,2015,1,January
2212,21/01/2015,2015,1,January
2213,22/01/2015,2015,1,January
2214,23/01/2015,2015,1,January
2215,24/01/2015,2015,1,January
2216,25/01/2015,2015,1,January
2217,26/01/2015,2015,1,January
2218,27/01/2015,2015,1,January
2219,28/01/2015,2015,1,January
2220,29/01/2015,2015,1,January
2221,30/01/2015,2015,1,January
2222,31/01/2015,2015,1,January
2223,1/02/2015,2015,1,February
2224,2/02/2015,2015,1,February
2225,3/02/2015,2015,1,February
2226,4/02/2015,2015,1,February
2227,5/02/2015,2015,1,February
2228,6/02/2015,2015,1,February
2229,7/02/2015,2015,1,February
2230,8/02/2015,2015,1,February
2231,9/02/2015,2015,1,February
2232,10/02/2015,2015,1,February
2233,11/02/2015,2015,1,February
2234,12/02/2015,2015,1,February
2235,13/02/2015,2015,1,February
2236,14/02/2015,2015,1,February
2237,15/02/2015,2015,1,February
2238,16/02/2015,2015,1,February
2239,17/02/2015,2015,1,February
2240,18/02/2015,2015,1,February
2241,19/02/2015,2015,1,February
2242,20/02/2015,2015,1,February
2243,21/02/2015,2015,1,February
2244,22/02/2015,2015,1,February
2245,23/02/2015,2015,1,February
2246,24/02/2015,2015,1,February
2247,25/02/2015,2015,1,February
2248,26/02/2015,2015,1,February
2249,27/02/2015,2015,1,February
2250,28/02/2015,2015,1,February
2251,1/03/2015,2015,1,March
2252,2/03/2015,2015,1,March
2253,3/03/2015,2015,1,March
2254,4/03/2015,2015,1,March
2255,5/03/2015,2015,1,March
2256,6/03/2015,2015,1,March
2257,7/03/2015,2015,1,March
2258,8/03/2015,2015,1,March
2259,9/03/2015,2015,1,March
2260,10/03/2015,2015,1,March
2261,11/03/2015,2015,1,March
2262,12/03/2015,2015,1,March
2263,13/03/2015,2015,1,March
2264,14/03/2015,2015,1,March
2265,15/03/2015,2015,1,March
2266,16/03/2015,2015,1,March
2267,17/03/2015,2015,1,March
2268,18/03/2015,2015,1,March
2269,19/03/2015,2015,1,March
2270,20/03/2015,2015,1,March
2271,21/03/2015,2015,1,March
2272,22/03/2015,2015,1,March
2273,23/03/2015,2015,1,March
2274,24/03/2015,2015,1,March
2275,25/03/2015,2015,1,March
2276,26/03/2015,2015,1,March
2277,27/03/2015,2015,1,March
2278,28/03/2015,2015,1,March
2279,29/03/2015,2015,1,March
2280,30/03/2015,2015,1,March
2281,31/03/2015,2015,1,March
2282,1/04/2015,2015,2,April
2283,2/04/2015,2015,2,April
2284,3/04/2015,2015,2,April
2285,4/04/2015,2015,2,April
2286,5/04/2015,2015,2,April
2287,6/04/2015,2015,2,April
2288,7/04/2015,2015,2,April
2289,8/04/2015,2015,2,April
2290,9/04/2015,2015,2,April
2291,10/04/2015,2015,2,April
2292,11/04/2015,2015,2,April
2293,12/04/2015,2015,2,April
2294,13/04/2015,2015,2,April
2295,14/04/2015,2015,2,April
2296,15/04/2015,2015,2,April
2297,16/04/2015,2015,2,April
2298,17/04/2015,2015,2,April
2299,18/04/2015,2015,2,April
2300,19/04/2015,2015,2,April
2301,20/04/2015,2015,2,April
2302,21/04/2015,2015,2,April
2303,22/04/2015,2015,2,April
2304,23/04/2015,2015,2,April
2305,24/04/2015,2015,2,April
2306,25/04/2015,2015,2,April
2307,26/04/2015,2015,2,April
2308,27/04/2015,2015,2,April
2309,28/04/2015,2015,2,April
2310,29/04/2015,2015,2,April
2311,30/04/2015,2015,2,April
2312,1/05/2015,2015,2,May
2313,2/05/2015,2015,2,May
2314,3/05/2015,2015,2,May
2315,4/05/2015,2015,2,May
2316,5/05/2015,2015,2,May
2317,6/05/2015,2015,2,May
2318,7/05/2015,2015,2,May
2319,8/05/2015,2015,2,May
2320,9/05/2015,2015,2,May
2321,10/05/2015,2015,2,May
2322,11/05/2015,2015,2,May
2323,12/05/2015,2015,2,May
2324,13/05/2015,2015,2,May
2325,14/05/2015,2015,2,May
2326,15/05/2015,2015,2,May
2327,16/05/2015,2015,2,May
2328,17/05/2015,2015,2,May
2329,18/05/2015,2015,2,May
2330,19/05/2015,2015,2,May
2331,20/05/2015,2015,2,May
2332,21/05/2015,2015,2,May
2333,22/05/2015,2015,2,May
2334,23/05/2015,2015,2,May
2335,24/05/2015,2015,2,May
2336,25/05/2015,2015,2,May
2337,26/05/2015,2015,2,May
2338,27/05/2015,2015,2,May
2339,28/05/2015,2015,2,May
2340,29/05/2015,2015,2,May
2341,30/05/2015,2015,2,May
2342,31/05/2015,2015,2,May
2343,1/06/2015,2015,2,June
2344,2/06/2015,2015,2,June
2345,3/06/2015,2015,2,June
2346,4/06/2015,2015,2,June
2347,5/06/2015,2015,2,June
2348,6/06/2015,2015,2,June
2349,7/06/2015,2015,2,June
2350,8/06/2015,2015,2,June
2351,9/06/2015,2015,2,June
2352,10/06/2015,2015,2,June
2353,11/06/2015,2015,2,June
2354,12/06/2015,2015,2,June
2355,13/06/2015,2015,2,June
2356,14/06/2015,2015,2,June
2357,15/06/2015,2015,2,June
2358,16/06/2015,2015,2,June
2359,17/06/2015,2015,2,June
2360,18/06/2015,2015,2,June
2361,19/06/2015,2015,2,June
2362,20/06/2015,2015,2,June
2363,21/06/2015,2015,2,June
2364,22/06/2015,2015,2,June
2365,23/06/2015,2015,2,June
2366,24/06/2015,2015,2,June
2367,25/06/2015,2015,2,June
2368,26/06/2015,2015,2,June
2369,27/06/2015,2015,2,June
2370,28/06/2015,2015,2,June
2371,29/06/2015,2015,2,June
2372,30/06/2015,2015,2,June
2373,1/07/2015,2015,3,July
2374,2/07/2015,2015,3,July
2375,3/07/2015,2015,3,July
2376,4/07/2015,2015,3,July
2377,5/07/2015,2015,3,July
2378,6/07/2015,2015,3,July
2379,7/07/2015,2015,3,July
2380,8/07/2015,2015,3,July
2381,9/07/2015,2015,3,July
2382,10/07/2015,2015,3,July
2383,11/07/2015,2015,3,July
2384,12/07/2015,2015,3,July
2385,13/07/2015,2015,3,July
2386,14/07/2015,2015,3,July
2387,15/07/2015,2015,3,July
2388,16/07/2015,2015,3,July
2389,17/07/2015,2015,3,July
2390,18/07/2015,2015,3,July
2391,19/07/2015,2015,3,July
2392,20/07/2015,2015,3,July
2393,21/07/2015,2015,3,July
2394,22/07/2015,2015,3,July
2395,23/07/2015,2015,3,July
2396,24/07/2015,2015,3,July
2397,25/07/2015,2015,3,July
2398,26/07/2015,2015,3,July
2399,27/07/2015,2015,3,July
2400,28/07/2015,2015,3,July
2401,29/07/2015,2015,3,July
2402,30/07/2015,2015,3,July
2403,31/07/2015,2015,3,July
2404,1/08/2015,2015,3,August
2405,2/08/2015,2015,3,August
2406,3/08/2015,2015,3,August
2407,4/08/2015,2015,3,August
2408,5/08/2015,2015,3,August
2409,6/08/2015,2015,3,August
2410,7/08/2015,2015,3,August
2411,8/08/2015,2015,3,August
2412,9/08/2015,2015,3,August
2413,10/08/2015,2015,3,August
2414,11/08/2015,2015,3,August
2415,12/08/2015,2015,3,August
2416,13/08/2015,2015,3,August
2417,14/08/2015,2015,3,August
2418,15/08/2015,2015,3,August
2419,16/08/2015,2015,3,August
2420,17/08/2015,2015,3,August
2421,18/08/2015,2015,3,August
2422,19/08/2015,2015,3,August
2423,20/08/2015,2015,3,August
2424,21/08/2015,2015,3,August
2425,22/08/2015,2015,3,August
2426,23/08/2015,2015,3,August
2427,24/08/2015,2015,3,August
2428,25/08/2015,2015,3,August
2429,26/08/2015,2015,3,August
2430,27/08/2015,2015,3,August
2431,28/08/2015,2015,3,August
2432,29/08/2015,2015,3,August
2433,30/08/2015,2015,3,August
2434,31/08/2015,2015,3,August
2435,1/09/2015,2015,3,September
2436,2/09/2015,2015,3,September
2437,3/09/2015,2015,3,September
2438,4/09/2015,2015,3,September
2439,5/09/2015,2015,3,September
2440,6/09/2015,2015,3,September
2441,7/09/2015,2015,3,September
2442,8/09/2015,2015,3,September
2443,9/09/2015,2015,3,September
2444,10/09/2015,2015,3,September
2445,11/09/2015,2015,3,September
2446,12/09/2015,2015,3,September
2447,13/09/2015,2015,3,September
2448,14/09/2015,2015,3,September
2449,15/09/2015,2015,3,September
2450,16/09/2015,2015,3,September
2451,17/09/2015,2015,3,September
2452,18/09/2015,2015,3,September
2453,19/09/2015,2015,3,September
2454,20/09/2015,2015,3,September
2455,21/09/2015,2015,3,September
2456,22/09/2015,2015,3,September
2457,23/09/2015,2015,3,September
2458,24/09/2015,2015,3,September
2459,25/09/2015,2015,3,September
2460,26/09/2015,2015,3,September
2461,27/09/2015,2015,3,September
2462,28/09/2015,2015,3,September
2463,29/09/2015,2015,3,September
2464,30/09/2015,2015,3,September
2465,1/10/2015,2015,4,October
2466,2/10/2015,2015,4,October
2467,3/10/2015,2015,4,October
2468,4/10/2015,2015,4,October
2469,5/10/2015,2015,4,October
2470,6/10/2015,2015,4,October
2471,7/10/2015,2015,4,October
2472,8/10/2015,2015,4,October
2473,9/10/2015,2015,4,October
2474,10/10/2015,2015,4,October
2475,11/10/2015,2015,4,October
2476,12/10/2015,2015,4,October
2477,13/10/2015,2015,4,October
2478,14/10/2015,2015,4,October
2479,15/10/2015,2015,4,October
2480,16/10/2015,2015,4,October
2481,17/10/2015,2015,4,October
2482,18/10/2015,2015,4,October
2483,19/10/2015,2015,4,October
2484,20/10/2015,2015,4,October
2485,21/10/2015,2015,4,October
2486,22/10/2015,2015,4,October
2487,23/10/2015,2015,4,October
2488,24/10/2015,2015,4,October
2489,25/10/2015,2015,4,October
2490,26/10/2015,2015,4,October
2491,27/10/2015,2015,4,October
2492,28/10/2015,2015,4,October
2493,29/10/2015,2015,4,October
2494,30/10/2015,2015,4,October
2495,31/10/2015,2015,4,October
2496,1/11/2015,2015,4,November
2497,2/11/2015,2015,4,November
2498,3/11/2015,2015,4,November
2499,4/11/2015,2015,4,November
2500,5/11/2015,2015,4,November
2501,6/11/2015,2015,4,November
2502,7/11/2015,2015,4,November
2503,8/11/2015,2015,4,November
2504,9/11/2015,2015,4,November
2505,10/11/2015,2015,4,November
2506,11/11/2015,2015,4,November
2507,12/11/2015,2015,4,November
2508,13/11/2015,2015,4,November
2509,14/11/2015,2015,4,November
2510,15/11/2015,2015,4,November
2511,16/11/2015,2015,4,November
2512,17/11/2015,2015,4,November
2513,18/11/2015,2015,4,November
2514,19/11/2015,2015,4,November
2515,20/11/2015,2015,4,November
2516,21/11/2015,2015,4,November
2517,22/11/2015,2015,4,November
2518,23/11/2015,2015,4,November
2519,24/11/2015,2015,4,November
2520,25/11/2015,2015,4,November
2521,26/11/2015,2015,4,November
2522,27/11/2015,2015,4,November
2523,28/11/2015,2015,4,November
2524,29/11/2015,2015,4,November
2525,30/11/2015,2015,4,November
2526,1/12/2015,2015,4,December
2527,2/12/2015,2015,4,December
2528,3/12/2015,2015,4,December
2529,4/12/2015,2015,4,December
2530,5/12/2015,2015,4,December
2531,6/12/2015,2015,4,December
2532,7/12/2015,2015,4,December
2533,8/12/2015,2015,4,December
2534,9/12/2015,2015,4,December
2535,10/12/2015,2015,4,December
2536,11/12/2015,2015,4,December
2537,12/12/2015,2015,4,December
2538,13/12/2015,2015,4,December
2539,14/12/2015,2015,4,December
2540,15/12/2015,2015,4,December
2541,16/12/2015,2015,4,December
2542,17/12/2015,2015,4,December
2543,18/12/2015,2015,4,December
2544,19/12/2015,2015,4,December
2545,20/12/2015,2015,4,December
2546,21/12/2015,2015,4,December
2547,22/12/2015,2015,4,December
2548,23/12/2015,2015,4,December
2549,24/12/2015,2015,4,December
2550,25/12/2015,2015,4,December
2551,26/12/2015,2015,4,December
2552,27/12/2015,2015,4,December
2553,28/12/2015,2015,4,December
2554,29/12/2015,2015,4,December
2555,30/12/2015,2015,4,December
2556,31/12/2015,2015,4,December
2557,1/01/2016,2016,1,January
2558,2/01/2016,2016,1,January
2559,3/01/2016,2016,1,January
2560,4/01/2016,2016,1,January
2561,5/01/2016,2016,1,January
2562,6/01/2016,2016,1,January
2563,7/01/2016,2016,1,January
2564,8/01/2016,2016,1,January
2565,9/01/2016,2016,1,January
2566,10/01/2016,2016,1,January
2567,11/01/2016,2016,1,January
2568,12/01/2016,2016,1,January
2569,13/01/2016,2016,1,January
2570,14/01/2016,2016,1,January
2571,15/01/2016,2016,1,January
2572,16/01/2016,2016,1,January
2573,17/01/2016,2016,1,January
2574,18/01/2016,2016,1,January
2575,19/01/2016,2016,1,January
2576,20/01/2016,2016,1,January
2577,21/01/2016,2016,1,January
2578,22/01/2016,2016,1,January
2579,23/01/2016,2016,1,January
2580,24/01/2016,2016,1,January
2581,25/01/2016,2016,1,January
2582,26/01/2016,2016,1,January
2583,27/01/2016,2016,1,January
2584,28/01/2016,2016,1,January
2585,29/01/2016,2016,1,January
2586,30/01/2016,2016,1,January
2587,31/01/2016,2016,1,January
2588,1/02/2016,2016,1,February
2589,2/02/2016,2016,1,February
2590,3/02/2016,2016,1,February
2591,4/02/2016,2016,1,February
2592,5/02/2016,2016,1,February
2593,6/02/2016,2016,1,February
2594,7/02/2016,2016,1,February
2595,8/02/2016,2016,1,February
2596,9/02/2016,2016,1,February
2597,10/02/2016,2016,1,February
2598,11/02/2016,2016,1,February
2599,12/02/2016,2016,1,February
2600,13/02/2016,2016,1,February
2601,14/02/2016,2016,1,February
2602,15/02/2016,2016,1,February
2603,16/02/2016,2016,1,February
2604,17/02/2016,2016,1,February
2605,18/02/2016,2016,1,February
2606,19/02/2016,2016,1,February
2607,20/02/2016,2016,1,February
2608,21/02/2016,2016,1,February
2609,22/02/2016,2016,1,February
2610,23/02/2016,2016,1,February
2611,24/02/2016,2016,1,February
2612,25/02/2016,2016,1,February
2613,26/02/2016,2016,1,February
2614,27/02/2016,2016,1,February
2615,28/02/2016,2016,1,February
2616,29/02/2016,2016,1,February
2617,1/03/2016,2016,1,March
2618,2/03/2016,2016,1,March
2619,3/03/2016,2016,1,March
2620,4/03/2016,2016,1,March
2621,5/03/2016,2016,1,March
2622,6/03/2016,2016,1,March
2623,7/03/2016,2016,1,March
2624,8/03/2016,2016,1,March
2625,9/03/2016,2016,1,March
2626,10/03/2016,2016,1,March
2627,11/03/2016,2016,1,March
2628,12/03/2016,2016,1,March
2629,13/03/2016,2016,1,March
2630,14/03/2016,2016,1,March
2631,15/03/2016,2016,1,March
2632,16/03/2016,2016,1,March
2633,17/03/2016,2016,1,March
2634,18/03/2016,2016,1,March
2635,19/03/2016,2016,1,March
2636,20/03/2016,2016,1,March
2637,21/03/2016,2016,1,March
2638,22/03/2016,2016,1,March
2639,23/03/2016,2016,1,March
2640,24/03/2016,2016,1,March
2641,25/03/2016,2016,1,March
2642,26/03/2016,2016,1,March
2643,27/03/2016,2016,1,March
2644,28/03/2016,2016,1,March
2645,29/03/2016,2016,1,March
2646,30/03/2016,2016,1,March
2647,31/03/2016,2016,1,March
2648,1/04/2016,2016,2,April
2649,2/04/2016,2016,2,April
2650,3/04/2016,2016,2,April
2651,4/04/2016,2016,2,April
2652,5/04/2016,2016,2,April
2653,6/04/2016,2016,2,April
2654,7/04/2016,2016,2,April
2655,8/04/2016,2016,2,April
2656,9/04/2016,2016,2,April
2657,10/04/2016,2016,2,April
2658,11/04/2016,2016,2,April
2659,12/04/2016,2016,2,April
2660,13/04/2016,2016,2,April
2661,14/04/2016,2016,2,April
2662,15/04/2016,2016,2,April
2663,16/04/2016,2016,2,April
2664,17/04/2016,2016,2,April
2665,18/04/2016,2016,2,April
2666,19/04/2016,2016,2,April
2667,20/04/2016,2016,2,April
2668,21/04/2016,2016,2,April
2669,22/04/2016,2016,2,April
2670,23/04/2016,2016,2,April
2671,24/04/2016,2016,2,April
2672,25/04/2016,2016,2,April
2673,26/04/2016,2016,2,April
2674,27/04/2016,2016,2,April
2675,28/04/2016,2016,2,April
2676,29/04/2016,2016,2,April
2677,30/04/2016,2016,2,April
2678,1/05/2016,2016,2,May
2679,2/05/2016,2016,2,May
2680,3/05/2016,2016,2,May
2681,4/05/2016,2016,2,May
2682,5/05/2016,2016,2,May
2683,6/05/2016,2016,2,May
2684,7/05/2016,2016,2,May
2685,8/05/2016,2016,2,May
2686,9/05/2016,2016,2,May
2687,10/05/2016,2016,2,May
2688,11/05/2016,2016,2,May
2689,12/05/2016,2016,2,May
2690,13/05/2016,2016,2,May
2691,14/05/2016,2016,2,May
2692,15/05/2016,2016,2,May
2693,16/05/2016,2016,2,May
2694,17/05/2016,2016,2,May
2695,18/05/2016,2016,2,May
2696,19/05/2016,2016,2,May
2697,20/05/2016,2016,2,May
2698,21/05/2016,2016,2,May
2699,22/05/2016,2016,2,May
2700,23/05/2016,2016,2,May
2701,24/05/2016,2016,2,May
2702,25/05/2016,2016,2,May
2703,26/05/2016,2016,2,May
2704,27/05/2016,2016,2,May
2705,28/05/2016,2016,2,May
2706,29/05/2016,2016,2,May
2707,30/05/2016,2016,2,May
2708,31/05/2016,2016,2,May
2709,1/06/2016,2016,2,June
2710,2/06/2016,2016,2,June
2711,3/06/2016,2016,2,June
2712,4/06/2016,2016,2,June
2713,5/06/2016,2016,2,June
2714,6/06/2016,2016,2,June
2715,7/06/2016,2016,2,June
2716,8/06/2016,2016,2,June
2717,9/06/2016,2016,2,June
2718,10/06/2016,2016,2,June
2719,11/06/2016,2016,2,June
2720,12/06/2016,2016,2,June
2721,13/06/2016,2016,2,June
2722,14/06/2016,2016,2,June
2723,15/06/2016,2016,2,June
2724,16/06/2016,2016,2,June
2725,17/06/2016,2016,2,June
2726,18/06/2016,2016,2,June
2727,19/06/2016,2016,2,June
2728,20/06/2016,2016,2,June
2729,21/06/2016,2016,2,June
2730,22/06/2016,2016,2,June
2731,23/06/2016,2016,2,June
2732,24/06/2016,2016,2,June
2733,25/06/2016,2016,2,June
2734,26/06/2016,2016,2,June
2735,27/06/2016,2016,2,June
2736,28/06/2016,2016,2,June
2737,29/06/2016,2016,2,June
2738,30/06/2016,2016,2,June
2739,1/07/2016,2016,3,July
2740,2/07/2016,2016,3,July
2741,3/07/2016,2016,3,July
2742,4/07/2016,2016,3,July
2743,5/07/2016,2016,3,July
2744,6/07/2016,2016,3,July
2745,7/07/2016,2016,3,July
2746,8/07/2016,2016,3,July
2747,9/07/2016,2016,3,July
2748,10/07/2016,2016,3,July
2749,11/07/2016,2016,3,July
2750,12/07/2016,2016,3,July
2751,13/07/2016,2016,3,July
2752,14/07/2016,2016,3,July
2753,15/07/2016,2016,3,July
2754,16/07/2016,2016,3,July
2755,17/07/2016,2016,3,July
2756,18/07/2016,2016,3,July
2757,19/07/2016,2016,3,July
2758,20/07/2016,2016,3,July
2759,21/07/2016,2016,3,July
2760,22/07/2016,2016,3,July
2761,23/07/2016,2016,3,July
2762,24/07/2016,2016,3,July
2763,25/07/2016,2016,3,July
2764,26/07/2016,2016,3,July
2765,27/07/2016,2016,3,July
2766,28/07/2016,2016,3,July
2767,29/07/2016,2016,3,July
2768,30/07/2016,2016,3,July
2769,31/07/2016,2016,3,July
2770,1/08/2016,2016,3,August
2771,2/08/2016,2016,3,August
2772,3/08/2016,2016,3,August
2773,4/08/2016,2016,3,August
2774,5/08/2016,2016,3,August
2775,6/08/2016,2016,3,August
2776,7/08/2016,2016,3,August
2777,8/08/2016,2016,3,August
2778,9/08/2016,2016,3,August
2779,10/08/2016,2016,3,August
2780,11/08/2016,2016,3,August
2781,12/08/2016,2016,3,August
2782,13/08/2016,2016,3,August
2783,14/08/2016,2016,3,August
2784,15/08/2016,2016,3,August
2785,16/08/2016,2016,3,August
2786,17/08/2016,2016,3,August
2787,18/08/2016,2016,3,August
2788,19/08/2016,2016,3,August
2789,20/08/2016,2016,3,August
2790,21/08/2016,2016,3,August
2791,22/08/2016,2016,3,August
2792,23/08/2016,2016,3,August
2793,24/08/2016,2016,3,August
2794,25/08/2016,2016,3,August
2795,26/08/2016,2016,3,August
2796,27/08/2016,2016,3,August
2797,28/08/2016,2016,3,August
2798,29/08/2016,2016,3,August
2799,30/08/2016,2016,3,August
2800,31/08/2016,2016,3,August
2801,1/09/2016,2016,3,September
2802,2/09/2016,2016,3,September
2803,3/09/2016,2016,3,September
2804,4/09/2016,2016,3,September
2805,5/09/2016,2016,3,September
2806,6/09/2016,2016,3,September
2807,7/09/2016,2016,3,September
2808,8/09/2016,2016,3,September
2809,9/09/2016,2016,3,September
2810,10/09/2016,2016,3,September
2811,11/09/2016,2016,3,September
2812,12/09/2016,2016,3,September
2813,13/09/2016,2016,3,September
2814,14/09/2016,2016,3,September
2815,15/09/2016,2016,3,September
2816,16/09/2016,2016,3,September
2817,17/09/2016,2016,3,September
2818,18/09/2016,2016,3,September
2819,19/09/2016,2016,3,September
2820,20/09/2016,2016,3,September
2821,21/09/2016,2016,3,September
2822,22/09/2016,2016,3,September
2823,23/09/2016,2016,3,September
2824,24/09/2016,2016,3,September
2825,25/09/2016,2016,3,September
2826,26/09/2016,2016,3,September
2827,27/09/2016,2016,3,September
2828,28/09/2016,2016,3,September
2829,29/09/2016,2016,3,September
2830,30/09/2016,2016,3,September
2831,1/10/2016,2016,4,October
2832,2/10/2016,2016,4,October
2833,3/10/2016,2016,4,October
2834,4/10/2016,2016,4,October
2835,5/10/2016,2016,4,October
2836,6/10/2016,2016,4,October
2837,7/10/2016,2016,4,October
2838,8/10/2016,2016,4,October
2839,9/10/2016,2016,4,October
2840,10/10/2016,2016,4,October
2841,11/10/2016,2016,4,October
2842,12/10/2016,2016,4,October
2843,13/10/2016,2016,4,October
2844,14/10/2016,2016,4,October
2845,15/10/2016,2016,4,October
2846,16/10/2016,2016,4,October
2847,17/10/2016,2016,4,October
2848,18/10/2016,2016,4,October
2849,19/10/2016,2016,4,October
2850,20/10/2016,2016,4,October
2851,21/10/2016,2016,4,October
2852,22/10/2016,2016,4,October
2853,23/10/2016,2016,4,October
2854,24/10/2016,2016,4,October
2855,25/10/2016,2016,4,October
2856,26/10/2016,2016,4,October
2857,27/10/2016,2016,4,October
2858,28/10/2016,2016,4,October
2859,29/10/2016,2016,4,October
2860,30/10/2016,2016,4,October
2861,31/10/2016,2016,4,October
2862,1/11/2016,2016,4,November
2863,2/11/2016,2016,4,November
2864,3/11/2016,2016,4,November
2865,4/11/2016,2016,4,November
2866,5/11/2016,2016,4,November
2867,6/11/2016,2016,4,November
2868,7/11/2016,2016,4,November
2869,8/11/2016,2016,4,November
2870,9/11/2016,2016,4,November
2871,10/11/2016,2016,4,November
2872,11/11/2016,2016,4,November
2873,12/11/2016,2016,4,November
2874,13/11/2016,2016,4,November
2875,14/11/2016,2016,4,November
2876,15/11/2016,2016,4,November
2877,16/11/2016,2016,4,November
2878,17/11/2016,2016,4,November
2879,18/11/2016,2016,4,November
2880,19/11/2016,2016,4,November
2881,20/11/2016,2016,4,November
2882,21/11/2016,2016,4,November
2883,22/11/2016,2016,4,November
2884,23/11/2016,2016,4,November
2885,24/11/2016,2016,4,November
2886,25/11/2016,2016,4,November
2887,26/11/2016,2016,4,November
2888,27/11/2016,2016,4,November
2889,28/11/2016,2016,4,November
2890,29/11/2016,2016,4,November
2891,30/11/2016,2016,4,November
2892,1/12/2016,2016,4,December
2893,2/12/2016,2016,4,December
2894,3/12/2016,2016,4,December
2895,4/12/2016,2016,4,December
2896,5/12/2016,2016,4,December
2897,6/12/2016,2016,4,December
2898,7/12/2016,2016,4,December
2899,8/12/2016,2016,4,December
2900,9/12/2016,2016,4,December
2901,10/12/2016,2016,4,December
2902,11/12/2016,2016,4,December
2903,12/12/2016,2016,4,December
2904,13/12/2016,2016,4,December
2905,14/12/2016,2016,4,December
2906,15/12/2016,2016,4,December
2907,16/12/2016,2016,4,December
2908,17/12/2016,2016,4,December
2909,18/12/2016,2016,4,December
2910,19/12/2016,2016,4,December
2911,20/12/2016,2016,4,December
2912,21/12/2016,2016,4,December
2913,22/12/2016,2016,4,December
2914,23/12/2016,2016,4,December
2915,24/12/2016,2016,4,December
2916,25/12/2016,2016,4,December
2917,26/12/2016,2016,4,December
2918,27/12/2016,2016,4,December
2919,28/12/2016,2016,4,December
2920,29/12/2016,2016,4,December
2921,30/12/2016,2016,4,December
2922,31/12/2016,2016,4,December
2923,1/01/2017,2017,1,January
2924,2/01/2017,2017,1,January
2925,3/01/2017,2017,1,January
2926,4/01/2017,2017,1,January
2927,5/01/2017,2017,1,January
2928,6/01/2017,2017,1,January
2929,7/01/2017,2017,1,January
2930,8/01/2017,2017,1,January
2931,9/01/2017,2017,1,January
2932,10/01/2017,2017,1,January
2933,11/01/2017,2017,1,January
2934,12/01/2017,2017,1,January
2935,13/01/2017,2017,1,January
2936,14/01/2017,2017,1,January
2937,15/01/2017,2017,1,January
2938,16/01/2017,2017,1,January
2939,17/01/2017,2017,1,January
2940,18/01/2017,2017,1,January
2941,19/01/2017,2017,1,January
2942,20/01/2017,2017,1,January
2943,21/01/2017,2017,1,January
2944,22/01/2017,2017,1,January
2945,23/01/2017,2017,1,January
2946,24/01/2017,2017,1,January
2947,25/01/2017,2017,1,January
2948,26/01/2017,2017,1,January
2949,27/01/2017,2017,1,January
2950,28/01/2017,2017,1,January
2951,29/01/2017,2017,1,January
2952,30/01/2017,2017,1,January
2953,31/01/2017,2017,1,January
2954,1/02/2017,2017,1,February
2955,2/02/2017,2017,1,February
2956,3/02/2017,2017,1,February
2957,4/02/2017,2017,1,February
2958,5/02/2017,2017,1,February
2959,6/02/2017,2017,1,February
2960,7/02/2017,2017,1,February
2961,8/02/2017,2017,1,February
2962,9/02/2017,2017,1,February
2963,10/02/2017,2017,1,February
2964,11/02/2017,2017,1,February
2965,12/02/2017,2017,1,February
2966,13/02/2017,2017,1,February
2967,14/02/2017,2017,1,February
2968,15/02/2017,2017,1,February
2969,16/02/2017,2017,1,February
2970,17/02/2017,2017,1,February
2971,18/02/2017,2017,1,February
2972,19/02/2017,2017,1,February
2973,20/02/2017,2017,1,February
2974,21/02/2017,2017,1,February
2975,22/02/2017,2017,1,February
2976,23/02/2017,2017,1,February
2977,24/02/2017,2017,1,February
2978,25/02/2017,2017,1,February
2979,26/02/2017,2017,1,February
2980,27/02/2017,2017,1,February
2981,28/02/2017,2017,1,February
2982,1/03/2017,2017,1,March
2983,2/03/2017,2017,1,March
2984,3/03/2017,2017,1,March
2985,4/03/2017,2017,1,March
2986,5/03/2017,2017,1,March
2987,6/03/2017,2017,1,March
2988,7/03/2017,2017,1,March
2989,8/03/2017,2017,1,March
2990,9/03/2017,2017,1,March
2991,10/03/2017,2017,1,March
2992,11/03/2017,2017,1,March
2993,12/03/2017,2017,1,March
2994,13/03/2017,2017,1,March
2995,14/03/2017,2017,1,March
2996,15/03/2017,2017,1,March
2997,16/03/2017,2017,1,March
2998,17/03/2017,2017,1,March
2999,18/03/2017,2017,1,March
3000,19/03/2017,2017,1,March
3001,20/03/2017,2017,1,March
3002,21/03/2017,2017,1,March
3003,22/03/2017,2017,1,March
3004,23/03/2017,2017,1,March
3005,24/03/2017,2017,1,March
3006,25/03/2017,2017,1,March
3007,26/03/2017,2017,1,March
3008,27/03/2017,2017,1,March
3009,28/03/2017,2017,1,March
3010,29/03/2017,2017,1,March
3011,30/03/2017,2017,1,March
3012,31/03/2017,2017,1,March
3013,1/04/2017,2017,2,April
3014,2/04/2017,2017,2,April
3015,3/04/2017,2017,2,April
3016,4/04/2017,2017,2,April
3017,5/04/2017,2017,2,April
3018,6/04/2017,2017,2,April
3019,7/04/2017,2017,2,April
3020,8/04/2017,2017,2,April
3021,9/04/2017,2017,2,April
3022,10/04/2017,2017,2,April
3023,11/04/2017,2017,2,April
3024,12/04/2017,2017,2,April
3025,13/04/2017,2017,2,April
3026,14/04/2017,2017,2,April
3027,15/04/2017,2017,2,April
3028,16/04/2017,2017,2,April
3029,17/04/2017,2017,2,April
3030,18/04/2017,2017,2,April
3031,19/04/2017,2017,2,April
3032,20/04/2017,2017,2,April
3033,21/04/2017,2017,2,April
3034,22/04/2017,2017,2,April
3035,23/04/2017,2017,2,April
3036,24/04/2017,2017,2,April
3037,25/04/2017,2017,2,April
3038,26/04/2017,2017,2,April
3039,27/04/2017,2017,2,April
3040,28/04/2017,2017,2,April
3041,29/04/2017,2017,2,April
3042,30/04/2017,2017,2,April
3043,1/05/2017,2017,2,May
3044,2/05/2017,2017,2,May
3045,3/05/2017,2017,2,May
3046,4/05/2017,2017,2,May
3047,5/05/2017,2017,2,May
3048,6/05/2017,2017,2,May
3049,7/05/2017,2017,2,May
3050,8/05/2017,2017,2,May
3051,9/05/2017,2017,2,May
3052,10/05/2017,2017,2,May
3053,11/05/2017,2017,2,May
3054,12/05/2017,2017,2,May
3055,13/05/2017,2017,2,May
3056,14/05/2017,2017,2,May
3057,15/05/2017,2017,2,May
3058,16/05/2017,2017,2,May
3059,17/05/2017,2017,2,May
3060,18/05/2017,2017,2,May
3061,19/05/2017,2017,2,May
3062,20/05/2017,2017,2,May
3063,21/05/2017,2017,2,May
3064,22/05/2017,2017,2,May
3065,23/05/2017,2017,2,May
3066,24/05/2017,2017,2,May
3067,25/05/2017,2017,2,May
3068,26/05/2017,2017,2,May
3069,27/05/2017,2017,2,May
3070,28/05/2017,2017,2,May
3071,29/05/2017,2017,2,May
3072,30/05/2017,2017,2,May
3073,31/05/2017,2017,2,May
3074,1/06/2017,2017,2,June
3075,2/06/2017,2017,2,June
3076,3/06/2017,2017,2,June
3077,4/06/2017,2017,2,June
3078,5/06/2017,2017,2,June
3079,6/06/2017,2017,2,June
3080,7/06/2017,2017,2,June
3081,8/06/2017,2017,2,June
3082,9/06/2017,2017,2,June
3083,10/06/2017,2017,2,June
3084,11/06/2017,2017,2,June
3085,12/06/2017,2017,2,June
3086,13/06/2017,2017,2,June
3087,14/06/2017,2017,2,June
3088,15/06/2017,2017,2,June
3089,16/06/2017,2017,2,June
3090,17/06/2017,2017,2,June
3091,18/06/2017,2017,2,June
3092,19/06/2017,2017,2,June
3093,20/06/2017,2017,2,June
3094,21/06/2017,2017,2,June
3095,22/06/2017,2017,2,June
3096,23/06/2017,2017,2,June
3097,24/06/2017,2017,2,June
3098,25/06/2017,2017,2,June
3099,26/06/2017,2017,2,June
3100,27/06/2017,2017,2,June
3101,28/06/2017,2017,2,June
3102,29/06/2017,2017,2,June
3103,30/06/2017,2017,2,June
3104,1/07/2017,2017,3,July
3105,2/07/2017,2017,3,July
3106,3/07/2017,2017,3,July
3107,4/07/2017,2017,3,July
3108,5/07/2017,2017,3,July
3109,6/07/2017,2017,3,July
3110,7/07/2017,2017,3,July
3111,8/07/2017,2017,3,July
3112,9/07/2017,2017,3,July
3113,10/07/2017,2017,3,July
3114,11/07/2017,2017,3,July
3115,12/07/2017,2017,3,July
3116,13/07/2017,2017,3,July
3117,14/07/2017,2017,3,July
3118,15/07/2017,2017,3,July
3119,16/07/2017,2017,3,July
3120,17/07/2017,2017,3,July
3121,18/07/2017,2017,3,July
3122,19/07/2017,2017,3,July
3123,20/07/2017,2017,3,July
3124,21/07/2017,2017,3,July
3125,22/07/2017,2017,3,July
3126,23/07/2017,2017,3,July
3127,24/07/2017,2017,3,July
3128,25/07/2017,2017,3,July
3129,26/07/2017,2017,3,July
3130,27/07/2017,2017,3,July
3131,28/07/2017,2017,3,July
3132,29/07/2017,2017,3,July
3133,30/07/2017,2017,3,July
3134,31/07/2017,2017,3,July
3135,1/08/2017,2017,3,August
3136,2/08/2017,2017,3,August
3137,3/08/2017,2017,3,August
3138,4/08/2017,2017,3,August
3139,5/08/2017,2017,3,August
3140,6/08/2017,2017,3,August
3141,7/08/2017,2017,3,August
3142,8/08/2017,2017,3,August
3143,9/08/2017,2017,3,August
3144,10/08/2017,2017,3,August
3145,11/08/2017,2017,3,August
3146,12/08/2017,2017,3,August
3147,13/08/2017,2017,3,August
3148,14/08/2017,2017,3,August
3149,15/08/2017,2017,3,August
3150,16/08/2017,2017,3,August
3151,17/08/2017,2017,3,August
3152,18/08/2017,2017,3,August
3153,19/08/2017,2017,3,August
3154,20/08/2017,2017,3,August
3155,21/08/2017,2017,3,August
3156,22/08/2017,2017,3,August
3157,23/08/2017,2017,3,August
3158,24/08/2017,2017,3,August
3159,25/08/2017,2017,3,August
3160,26/08/2017,2017,3,August
3161,27/08/2017,2017,3,August
3162,28/08/2017,2017,3,August
3163,29/08/2017,2017,3,August
3164,30/08/2017,2017,3,August
3165,31/08/2017,2017,3,August
3166,1/09/2017,2017,3,September
3167,2/09/2017,2017,3,September
3168,3/09/2017,2017,3,September
3169,4/09/2017,2017,3,September
3170,5/09/2017,2017,3,September
3171,6/09/2017,2017,3,September
3172,7/09/2017,2017,3,September
3173,8/09/2017,2017,3,September
3174,9/09/2017,2017,3,September
3175,10/09/2017,2017,3,September
3176,11/09/2017,2017,3,September
3177,12/09/2017,2017,3,September
3178,13/09/2017,2017,3,September
3179,14/09/2017,2017,3,September
3180,15/09/2017,2017,3,September
3181,16/09/2017,2017,3,September
3182,17/09/2017,2017,3,September
3183,18/09/2017,2017,3,September
3184,19/09/2017,2017,3,September
3185,20/09/2017,2017,3,September
3186,21/09/2017,2017,3,September
3187,22/09/2017,2017,3,September
3188,23/09/2017,2017,3,September
3189,24/09/2017,2017,3,September
3190,25/09/2017,2017,3,September
3191,26/09/2017,2017,3,September
3192,27/09/2017,2017,3,September
3193,28/09/2017,2017,3,September
3194,29/09/2017,2017,3,September
3195,30/09/2017,2017,3,September
3196,1/10/2017,2017,4,October
3197,2/10/2017,2017,4,October
3198,3/10/2017,2017,4,October
3199,4/10/2017,2017,4,October
3200,5/10/2017,2017,4,October
3201,6/10/2017,2017,4,October
3202,7/10/2017,2017,4,October
3203,8/10/2017,2017,4,October
3204,9/10/2017,2017,4,October
3205,10/10/2017,2017,4,October
3206,11/10/2017,2017,4,October
3207,12/10/2017,2017,4,October
3208,13/10/2017,2017,4,October
3209,14/10/2017,2017,4,October
3210,15/10/2017,2017,4,October
3211,16/10/2017,2017,4,October
3212,17/10/2017,2017,4,October
3213,18/10/2017,2017,4,October
3214,19/10/2017,2017,4,October
3215,20/10/2017,2017,4,October
3216,21/10/2017,2017,4,October
3217,22/10/2017,2017,4,October
3218,23/10/2017,2017,4,October
3219,24/10/2017,2017,4,October
3220,25/10/2017,2017,4,October
3221,26/10/2017,2017,4,October
3222,27/10/2017,2017,4,October
3223,28/10/2017,2017,4,October
3224,29/10/2017,2017,4,October
3225,30/10/2017,2017,4,October
3226,31/10/2017,2017,4,October
3227,1/11/2017,2017,4,November
3228,2/11/2017,2017,4,November
3229,3/11/2017,2017,4,November
3230,4/11/2017,2017,4,November
3231,5/11/2017,2017,4,November
3232,6/11/2017,2017,4,November
3233,7/11/2017,2017,4,November
3234,8/11/2017,2017,4,November
3235,9/11/2017,2017,4,November
3236,10/11/2017,2017,4,November
3237,11/11/2017,2017,4,November
3238,12/11/2017,2017,4,November
3239,13/11/2017,2017,4,November
3240,14/11/2017,2017,4,November
3241,15/11/2017,2017,4,November
3242,16/11/2017,2017,4,November
3243,17/11/2017,2017,4,November
3244,18/11/2017,2017,4,November
3245,19/11/2017,2017,4,November
3246,20/11/2017,2017,4,November
3247,21/11/2017,2017,4,November
3248,22/11/2017,2017,4,November
3249,23/11/2017,2017,4,November
3250,24/11/2017,2017,4,November
3251,25/11/2017,2017,4,November
3252,26/11/2017,2017,4,November
3253,27/11/2017,2017,4,November
3254,28/11/2017,2017,4,November
3255,29/11/2017,2017,4,November
3256,30/11/2017,2017,4,November
3257,1/12/2017,2017,4,December
3258,2/12/2017,2017,4,December
3259,3/12/2017,2017,4,December
3260,4/12/2017,2017,4,December
3261,5/12/2017,2017,4,December
3262,6/12/2017,2017,4,December
3263,7/12/2017,2017,4,December
3264,8/12/2017,2017,4,December
3265,9/12/2017,2017,4,December
3266,10/12/2017,2017,4,December
3267,11/12/2017,2017,4,December
3268,12/12/2017,2017,4,December
3269,13/12/2017,2017,4,December
3270,14/12/2017,2017,4,December
3271,15/12/2017,2017,4,December
3272,16/12/2017,2017,4,December
3273,17/12/2017,2017,4,December
3274,18/12/2017,2017,4,December
3275,19/12/2017,2017,4,December
3276,20/12/2017,2017,4,December
3277,21/12/2017,2017,4,December
3278,22/12/2017,2017,4,December
3279,23/12/2017,2017,4,December
3280,24/12/2017,2017,4,December
3281,25/12/2017,2017,4,December
3282,26/12/2017,2017,4,December
3283,27/12/2017,2017,4,December
3284,28/12/2017,2017,4,December
3285,29/12/2017,2017,4,December
3286,30/12/2017,2017,4,December
3287,31/12/2017,2017,4,December
